ID,Latitude,Longitude,Category
1,0.000000,0.000000,bank
2,0.000000,0.010101,store
3,0.000000,0.020202,bank
4,0.000000,0.030303,pharmacy
5,0.000000,0.040404,pharmacy
6,0.000000,0.050505,store
7,0.000000,0.060606,hospital
8,0.000000,0.070707,school
9,0.000000,0.080808,hospital
10,0.000000,0.090909,restaurant
11,0.000000,0.101010,park
12,0.000000,0.111111,school
13,0.000000,0.121212,cafe
14,0.000000,0.131313,hospital
15,0.000000,0.141414,pharmacy
16,0.000000,0.151515,park
17,0.000000,0.161616,cafe
18,0.000000,0.171717,school
19,0.000000,0.181818,school
20,0.000000,0.191919,restaurant
21,0.000000,0.202020,park
22,0.000000,0.212121,park
23,0.000000,0.222222,bank
24,0.000000,0.232323,restaurant
25,0.000000,0.242424,park
26,0.000000,0.252525,restaurant
27,0.000000,0.262626,park
28,0.000000,0.272727,restaurant
29,0.000000,0.282828,store
30,0.000000,0.292929,park
31,0.000000,0.303030,hospital
32,0.000000,0.313131,cafe
33,0.000000,0.323232,cafe
34,0.000000,0.333333,store
35,0.000000,0.343434,park
36,0.000000,0.353535,restaurant
37,0.000000,0.363636,store
38,0.000000,0.373737,school
39,0.000000,0.383838,bank
40,0.000000,0.393939,restaurant
41,0.000000,0.404040,park
42,0.000000,0.414141,bank
43,0.000000,0.424242,bank
44,0.000000,0.434343,bank
45,0.000000,0.444444,store
46,0.000000,0.454545,restaurant
47,0.000000,0.464646,park
48,0.000000,0.474747,store
49,0.000000,0.484848,store
50,0.000000,0.494949,cafe
51,0.000000,0.505051,bank
52,0.000000,0.515152,park
53,0.000000,0.525253,store
54,0.000000,0.535354,pharmacy
55,0.000000,0.545455,bank
56,0.000000,0.555556,bank
57,0.000000,0.565657,school
58,0.000000,0.575758,cafe
59,0.000000,0.585859,store
60,0.000000,0.595960,bank
61,0.000000,0.606061,bank
62,0.000000,0.616162,school
63,0.000000,0.626263,cafe
64,0.000000,0.636364,park
65,0.000000,0.646465,park
66,0.000000,0.656566,hospital
67,0.000000,0.666667,pharmacy
68,0.000000,0.676768,bank
69,0.000000,0.686869,store
70,0.000000,0.696970,store
71,0.000000,0.707071,cafe
72,0.000000,0.717172,pharmacy
73,0.000000,0.727273,hospital
74,0.000000,0.737374,hospital
75,0.000000,0.747475,hospital
76,0.000000,0.757576,hospital
77,0.000000,0.767677,restaurant
78,0.000000,0.777778,cafe
79,0.000000,0.787879,hospital
80,0.000000,0.797980,cafe
81,0.000000,0.808081,bank
82,0.000000,0.818182,pharmacy
83,0.000000,0.828283,store
84,0.000000,0.838384,park
85,0.000000,0.848485,hospital
86,0.000000,0.858586,store
87,0.000000,0.868687,store
88,0.000000,0.878788,store
89,0.000000,0.888889,bank
90,0.000000,0.898990,pharmacy
91,0.000000,0.909091,cafe
92,0.000000,0.919192,bank
93,0.000000,0.929293,store
94,0.000000,0.939394,restaurant
95,0.000000,0.949495,school
96,0.000000,0.959596,cafe
97,0.000000,0.969697,school
98,0.000000,0.979798,pharmacy
99,0.000000,0.989899,bank
100,0.000000,1.000000,bank
101,0.010101,0.000000,restaurant
102,0.010101,0.010101,bank
103,0.010101,0.020202,restaurant
104,0.010101,0.030303,cafe
105,0.010101,0.040404,hospital
106,0.010101,0.050505,school
107,0.010101,0.060606,store
108,0.010101,0.070707,hospital
109,0.010101,0.080808,school
110,0.010101,0.090909,restaurant
111,0.010101,0.101010,cafe
112,0.010101,0.111111,cafe
113,0.010101,0.121212,pharmacy
114,0.010101,0.131313,bank
115,0.010101,0.141414,bank
116,0.010101,0.151515,park
117,0.010101,0.161616,cafe
118,0.010101,0.171717,hospital
119,0.010101,0.181818,park
120,0.010101,0.191919,bank
121,0.010101,0.202020,bank
122,0.010101,0.212121,park
123,0.010101,0.222222,school
124,0.010101,0.232323,pharmacy
125,0.010101,0.242424,school
126,0.010101,0.252525,hospital
127,0.010101,0.262626,bank
128,0.010101,0.272727,hospital
129,0.010101,0.282828,park
130,0.010101,0.292929,pharmacy
131,0.010101,0.303030,hospital
132,0.010101,0.313131,cafe
133,0.010101,0.323232,bank
134,0.010101,0.333333,bank
135,0.010101,0.343434,park
136,0.010101,0.353535,restaurant
137,0.010101,0.363636,restaurant
138,0.010101,0.373737,school
139,0.010101,0.383838,school
140,0.010101,0.393939,cafe
141,0.010101,0.404040,store
142,0.010101,0.414141,restaurant
143,0.010101,0.424242,store
144,0.010101,0.434343,bank
145,0.010101,0.444444,restaurant
146,0.010101,0.454545,hospital
147,0.010101,0.464646,hospital
148,0.010101,0.474747,store
149,0.010101,0.484848,hospital
150,0.010101,0.494949,cafe
151,0.010101,0.505051,bank
152,0.010101,0.515152,cafe
153,0.010101,0.525253,hospital
154,0.010101,0.535354,pharmacy
155,0.010101,0.545455,store
156,0.010101,0.555556,park
157,0.010101,0.565657,restaurant
158,0.010101,0.575758,hospital
159,0.010101,0.585859,restaurant
160,0.010101,0.595960,store
161,0.010101,0.606061,hospital
162,0.010101,0.616162,cafe
163,0.010101,0.626263,pharmacy
164,0.010101,0.636364,school
165,0.010101,0.646465,pharmacy
166,0.010101,0.656566,cafe
167,0.010101,0.666667,hospital
168,0.010101,0.676768,bank
169,0.010101,0.686869,hospital
170,0.010101,0.696970,park
171,0.010101,0.707071,restaurant
172,0.010101,0.717172,restaurant
173,0.010101,0.727273,restaurant
174,0.010101,0.737374,restaurant
175,0.010101,0.747475,pharmacy
176,0.010101,0.757576,store
177,0.010101,0.767677,pharmacy
178,0.010101,0.777778,cafe
179,0.010101,0.787879,school
180,0.010101,0.797980,store
181,0.010101,0.808081,cafe
182,0.010101,0.818182,store
183,0.010101,0.828283,hospital
184,0.010101,0.838384,school
185,0.010101,0.848485,store
186,0.010101,0.858586,hospital
187,0.010101,0.868687,hospital
188,0.010101,0.878788,pharmacy
189,0.010101,0.888889,hospital
190,0.010101,0.898990,store
191,0.010101,0.909091,school
192,0.010101,0.919192,park
193,0.010101,0.929293,store
194,0.010101,0.939394,cafe
195,0.010101,0.949495,hospital
196,0.010101,0.959596,store
197,0.010101,0.969697,school
198,0.010101,0.979798,bank
199,0.010101,0.989899,restaurant
200,0.010101,1.000000,pharmacy
201,0.020202,0.000000,hospital
202,0.020202,0.010101,cafe
203,0.020202,0.020202,bank
204,0.020202,0.030303,cafe
205,0.020202,0.040404,pharmacy
206,0.020202,0.050505,school
207,0.020202,0.060606,hospital
208,0.020202,0.070707,restaurant
209,0.020202,0.080808,pharmacy
210,0.020202,0.090909,restaurant
211,0.020202,0.101010,bank
212,0.020202,0.111111,park
213,0.020202,0.121212,cafe
214,0.020202,0.131313,store
215,0.020202,0.141414,store
216,0.020202,0.151515,restaurant
217,0.020202,0.161616,pharmacy
218,0.020202,0.171717,bank
219,0.020202,0.181818,store
220,0.020202,0.191919,restaurant
221,0.020202,0.202020,pharmacy
222,0.020202,0.212121,hospital
223,0.020202,0.222222,restaurant
224,0.020202,0.232323,park
225,0.020202,0.242424,pharmacy
226,0.020202,0.252525,bank
227,0.020202,0.262626,cafe
228,0.020202,0.272727,hospital
229,0.020202,0.282828,cafe
230,0.020202,0.292929,school
231,0.020202,0.303030,park
232,0.020202,0.313131,school
233,0.020202,0.323232,bank
234,0.020202,0.333333,hospital
235,0.020202,0.343434,store
236,0.020202,0.353535,store
237,0.020202,0.363636,restaurant
238,0.020202,0.373737,restaurant
239,0.020202,0.383838,park
240,0.020202,0.393939,store
241,0.020202,0.404040,hospital
242,0.020202,0.414141,hospital
243,0.020202,0.424242,cafe
244,0.020202,0.434343,cafe
245,0.020202,0.444444,bank
246,0.020202,0.454545,cafe
247,0.020202,0.464646,hospital
248,0.020202,0.474747,hospital
249,0.020202,0.484848,restaurant
250,0.020202,0.494949,pharmacy
251,0.020202,0.505051,school
252,0.020202,0.515152,hospital
253,0.020202,0.525253,store
254,0.020202,0.535354,park
255,0.020202,0.545455,bank
256,0.020202,0.555556,park
257,0.020202,0.565657,bank
258,0.020202,0.575758,restaurant
259,0.020202,0.585859,store
260,0.020202,0.595960,cafe
261,0.020202,0.606061,park
262,0.020202,0.616162,hospital
263,0.020202,0.626263,hospital
264,0.020202,0.636364,store
265,0.020202,0.646465,cafe
266,0.020202,0.656566,school
267,0.020202,0.666667,pharmacy
268,0.020202,0.676768,hospital
269,0.020202,0.686869,pharmacy
270,0.020202,0.696970,school
271,0.020202,0.707071,pharmacy
272,0.020202,0.717172,school
273,0.020202,0.727273,restaurant
274,0.020202,0.737374,restaurant
275,0.020202,0.747475,store
276,0.020202,0.757576,pharmacy
277,0.020202,0.767677,hospital
278,0.020202,0.777778,bank
279,0.020202,0.787879,pharmacy
280,0.020202,0.797980,cafe
281,0.020202,0.808081,school
282,0.020202,0.818182,pharmacy
283,0.020202,0.828283,restaurant
284,0.020202,0.838384,restaurant
285,0.020202,0.848485,restaurant
286,0.020202,0.858586,bank
287,0.020202,0.868687,cafe
288,0.020202,0.878788,store
289,0.020202,0.888889,hospital
290,0.020202,0.898990,park
291,0.020202,0.909091,hospital
292,0.020202,0.919192,pharmacy
293,0.020202,0.929293,school
294,0.020202,0.939394,hospital
295,0.020202,0.949495,restaurant
296,0.020202,0.959596,cafe
297,0.020202,0.969697,school
298,0.020202,0.979798,park
299,0.020202,0.989899,school
300,0.020202,1.000000,pharmacy
301,0.030303,0.000000,restaurant
302,0.030303,0.010101,restaurant
303,0.030303,0.020202,school
304,0.030303,0.030303,park
305,0.030303,0.040404,park
306,0.030303,0.050505,restaurant
307,0.030303,0.060606,restaurant
308,0.030303,0.070707,hospital
309,0.030303,0.080808,hospital
310,0.030303,0.090909,park
311,0.030303,0.101010,school
312,0.030303,0.111111,school
313,0.030303,0.121212,cafe
314,0.030303,0.131313,restaurant
315,0.030303,0.141414,park
316,0.030303,0.151515,store
317,0.030303,0.161616,store
318,0.030303,0.171717,school
319,0.030303,0.181818,restaurant
320,0.030303,0.191919,store
321,0.030303,0.202020,pharmacy
322,0.030303,0.212121,hospital
323,0.030303,0.222222,park
324,0.030303,0.232323,restaurant
325,0.030303,0.242424,cafe
326,0.030303,0.252525,pharmacy
327,0.030303,0.262626,park
328,0.030303,0.272727,restaurant
329,0.030303,0.282828,park
330,0.030303,0.292929,store
331,0.030303,0.303030,store
332,0.030303,0.313131,hospital
333,0.030303,0.323232,restaurant
334,0.030303,0.333333,park
335,0.030303,0.343434,hospital
336,0.030303,0.353535,cafe
337,0.030303,0.363636,pharmacy
338,0.030303,0.373737,restaurant
339,0.030303,0.383838,park
340,0.030303,0.393939,hospital
341,0.030303,0.404040,cafe
342,0.030303,0.414141,restaurant
343,0.030303,0.424242,store
344,0.030303,0.434343,restaurant
345,0.030303,0.444444,hospital
346,0.030303,0.454545,cafe
347,0.030303,0.464646,hospital
348,0.030303,0.474747,park
349,0.030303,0.484848,hospital
350,0.030303,0.494949,park
351,0.030303,0.505051,restaurant
352,0.030303,0.515152,cafe
353,0.030303,0.525253,school
354,0.030303,0.535354,hospital
355,0.030303,0.545455,cafe
356,0.030303,0.555556,school
357,0.030303,0.565657,hospital
358,0.030303,0.575758,hospital
359,0.030303,0.585859,hospital
360,0.030303,0.595960,park
361,0.030303,0.606061,store
362,0.030303,0.616162,cafe
363,0.030303,0.626263,restaurant
364,0.030303,0.636364,cafe
365,0.030303,0.646465,school
366,0.030303,0.656566,park
367,0.030303,0.666667,pharmacy
368,0.030303,0.676768,bank
369,0.030303,0.686869,restaurant
370,0.030303,0.696970,hospital
371,0.030303,0.707071,store
372,0.030303,0.717172,cafe
373,0.030303,0.727273,school
374,0.030303,0.737374,restaurant
375,0.030303,0.747475,bank
376,0.030303,0.757576,school
377,0.030303,0.767677,school
378,0.030303,0.777778,bank
379,0.030303,0.787879,cafe
380,0.030303,0.797980,hospital
381,0.030303,0.808081,school
382,0.030303,0.818182,school
383,0.030303,0.828283,bank
384,0.030303,0.838384,restaurant
385,0.030303,0.848485,store
386,0.030303,0.858586,bank
387,0.030303,0.868687,cafe
388,0.030303,0.878788,hospital
389,0.030303,0.888889,cafe
390,0.030303,0.898990,cafe
391,0.030303,0.909091,park
392,0.030303,0.919192,cafe
393,0.030303,0.929293,hospital
394,0.030303,0.939394,store
395,0.030303,0.949495,hospital
396,0.030303,0.959596,hospital
397,0.030303,0.969697,cafe
398,0.030303,0.979798,school
399,0.030303,0.989899,pharmacy
400,0.030303,1.000000,hospital
401,0.040404,0.000000,hospital
402,0.040404,0.010101,store
403,0.040404,0.020202,restaurant
404,0.040404,0.030303,store
405,0.040404,0.040404,restaurant
406,0.040404,0.050505,cafe
407,0.040404,0.060606,hospital
408,0.040404,0.070707,restaurant
409,0.040404,0.080808,school
410,0.040404,0.090909,school
411,0.040404,0.101010,school
412,0.040404,0.111111,park
413,0.040404,0.121212,restaurant
414,0.040404,0.131313,pharmacy
415,0.040404,0.141414,cafe
416,0.040404,0.151515,restaurant
417,0.040404,0.161616,park
418,0.040404,0.171717,restaurant
419,0.040404,0.181818,restaurant
420,0.040404,0.191919,store
421,0.040404,0.202020,park
422,0.040404,0.212121,pharmacy
423,0.040404,0.222222,park
424,0.040404,0.232323,pharmacy
425,0.040404,0.242424,store
426,0.040404,0.252525,hospital
427,0.040404,0.262626,pharmacy
428,0.040404,0.272727,store
429,0.040404,0.282828,school
430,0.040404,0.292929,school
431,0.040404,0.303030,park
432,0.040404,0.313131,pharmacy
433,0.040404,0.323232,store
434,0.040404,0.333333,school
435,0.040404,0.343434,school
436,0.040404,0.353535,park
437,0.040404,0.363636,hospital
438,0.040404,0.373737,park
439,0.040404,0.383838,pharmacy
440,0.040404,0.393939,hospital
441,0.040404,0.404040,school
442,0.040404,0.414141,store
443,0.040404,0.424242,pharmacy
444,0.040404,0.434343,pharmacy
445,0.040404,0.444444,restaurant
446,0.040404,0.454545,pharmacy
447,0.040404,0.464646,park
448,0.040404,0.474747,bank
449,0.040404,0.484848,restaurant
450,0.040404,0.494949,bank
451,0.040404,0.505051,school
452,0.040404,0.515152,hospital
453,0.040404,0.525253,store
454,0.040404,0.535354,store
455,0.040404,0.545455,restaurant
456,0.040404,0.555556,bank
457,0.040404,0.565657,store
458,0.040404,0.575758,store
459,0.040404,0.585859,school
460,0.040404,0.595960,hospital
461,0.040404,0.606061,school
462,0.040404,0.616162,bank
463,0.040404,0.626263,school
464,0.040404,0.636364,school
465,0.040404,0.646465,store
466,0.040404,0.656566,bank
467,0.040404,0.666667,school
468,0.040404,0.676768,park
469,0.040404,0.686869,store
470,0.040404,0.696970,store
471,0.040404,0.707071,park
472,0.040404,0.717172,school
473,0.040404,0.727273,cafe
474,0.040404,0.737374,school
475,0.040404,0.747475,hospital
476,0.040404,0.757576,restaurant
477,0.040404,0.767677,hospital
478,0.040404,0.777778,bank
479,0.040404,0.787879,cafe
480,0.040404,0.797980,cafe
481,0.040404,0.808081,cafe
482,0.040404,0.818182,pharmacy
483,0.040404,0.828283,park
484,0.040404,0.838384,school
485,0.040404,0.848485,cafe
486,0.040404,0.858586,restaurant
487,0.040404,0.868687,hospital
488,0.040404,0.878788,cafe
489,0.040404,0.888889,park
490,0.040404,0.898990,school
491,0.040404,0.909091,park
492,0.040404,0.919192,restaurant
493,0.040404,0.929293,bank
494,0.040404,0.939394,school
495,0.040404,0.949495,store
496,0.040404,0.959596,restaurant
497,0.040404,0.969697,park
498,0.040404,0.979798,store
499,0.040404,0.989899,store
500,0.040404,1.000000,school
501,0.050505,0.000000,park
502,0.050505,0.010101,pharmacy
503,0.050505,0.020202,bank
504,0.050505,0.030303,store
505,0.050505,0.040404,restaurant
506,0.050505,0.050505,school
507,0.050505,0.060606,park
508,0.050505,0.070707,bank
509,0.050505,0.080808,store
510,0.050505,0.090909,cafe
511,0.050505,0.101010,restaurant
512,0.050505,0.111111,store
513,0.050505,0.121212,store
514,0.050505,0.131313,school
515,0.050505,0.141414,bank
516,0.050505,0.151515,cafe
517,0.050505,0.161616,hospital
518,0.050505,0.171717,cafe
519,0.050505,0.181818,store
520,0.050505,0.191919,pharmacy
521,0.050505,0.202020,school
522,0.050505,0.212121,school
523,0.050505,0.222222,school
524,0.050505,0.232323,bank
525,0.050505,0.242424,bank
526,0.050505,0.252525,park
527,0.050505,0.262626,pharmacy
528,0.050505,0.272727,store
529,0.050505,0.282828,hospital
530,0.050505,0.292929,park
531,0.050505,0.303030,cafe
532,0.050505,0.313131,bank
533,0.050505,0.323232,hospital
534,0.050505,0.333333,hospital
535,0.050505,0.343434,cafe
536,0.050505,0.353535,pharmacy
537,0.050505,0.363636,restaurant
538,0.050505,0.373737,cafe
539,0.050505,0.383838,park
540,0.050505,0.393939,store
541,0.050505,0.404040,store
542,0.050505,0.414141,store
543,0.050505,0.424242,restaurant
544,0.050505,0.434343,cafe
545,0.050505,0.444444,restaurant
546,0.050505,0.454545,hospital
547,0.050505,0.464646,pharmacy
548,0.050505,0.474747,school
549,0.050505,0.484848,restaurant
550,0.050505,0.494949,bank
551,0.050505,0.505051,bank
552,0.050505,0.515152,pharmacy
553,0.050505,0.525253,cafe
554,0.050505,0.535354,hospital
555,0.050505,0.545455,cafe
556,0.050505,0.555556,bank
557,0.050505,0.565657,park
558,0.050505,0.575758,park
559,0.050505,0.585859,hospital
560,0.050505,0.595960,store
561,0.050505,0.606061,park
562,0.050505,0.616162,store
563,0.050505,0.626263,pharmacy
564,0.050505,0.636364,hospital
565,0.050505,0.646465,restaurant
566,0.050505,0.656566,restaurant
567,0.050505,0.666667,pharmacy
568,0.050505,0.676768,restaurant
569,0.050505,0.686869,park
570,0.050505,0.696970,school
571,0.050505,0.707071,school
572,0.050505,0.717172,park
573,0.050505,0.727273,cafe
574,0.050505,0.737374,school
575,0.050505,0.747475,bank
576,0.050505,0.757576,hospital
577,0.050505,0.767677,store
578,0.050505,0.777778,hospital
579,0.050505,0.787879,restaurant
580,0.050505,0.797980,cafe
581,0.050505,0.808081,store
582,0.050505,0.818182,restaurant
583,0.050505,0.828283,pharmacy
584,0.050505,0.838384,cafe
585,0.050505,0.848485,cafe
586,0.050505,0.858586,pharmacy
587,0.050505,0.868687,hospital
588,0.050505,0.878788,cafe
589,0.050505,0.888889,park
590,0.050505,0.898990,restaurant
591,0.050505,0.909091,restaurant
592,0.050505,0.919192,cafe
593,0.050505,0.929293,cafe
594,0.050505,0.939394,bank
595,0.050505,0.949495,hospital
596,0.050505,0.959596,cafe
597,0.050505,0.969697,store
598,0.050505,0.979798,restaurant
599,0.050505,0.989899,park
600,0.050505,1.000000,park
601,0.060606,0.000000,school
602,0.060606,0.010101,school
603,0.060606,0.020202,bank
604,0.060606,0.030303,hospital
605,0.060606,0.040404,pharmacy
606,0.060606,0.050505,park
607,0.060606,0.060606,bank
608,0.060606,0.070707,park
609,0.060606,0.080808,hospital
610,0.060606,0.090909,park
611,0.060606,0.101010,bank
612,0.060606,0.111111,park
613,0.060606,0.121212,store
614,0.060606,0.131313,pharmacy
615,0.060606,0.141414,cafe
616,0.060606,0.151515,school
617,0.060606,0.161616,bank
618,0.060606,0.171717,park
619,0.060606,0.181818,pharmacy
620,0.060606,0.191919,hospital
621,0.060606,0.202020,bank
622,0.060606,0.212121,cafe
623,0.060606,0.222222,park
624,0.060606,0.232323,hospital
625,0.060606,0.242424,bank
626,0.060606,0.252525,store
627,0.060606,0.262626,restaurant
628,0.060606,0.272727,bank
629,0.060606,0.282828,restaurant
630,0.060606,0.292929,store
631,0.060606,0.303030,cafe
632,0.060606,0.313131,store
633,0.060606,0.323232,pharmacy
634,0.060606,0.333333,bank
635,0.060606,0.343434,school
636,0.060606,0.353535,bank
637,0.060606,0.363636,bank
638,0.060606,0.373737,cafe
639,0.060606,0.383838,pharmacy
640,0.060606,0.393939,cafe
641,0.060606,0.404040,pharmacy
642,0.060606,0.414141,bank
643,0.060606,0.424242,cafe
644,0.060606,0.434343,park
645,0.060606,0.444444,park
646,0.060606,0.454545,school
647,0.060606,0.464646,cafe
648,0.060606,0.474747,pharmacy
649,0.060606,0.484848,school
650,0.060606,0.494949,cafe
651,0.060606,0.505051,park
652,0.060606,0.515152,school
653,0.060606,0.525253,restaurant
654,0.060606,0.535354,hospital
655,0.060606,0.545455,park
656,0.060606,0.555556,store
657,0.060606,0.565657,pharmacy
658,0.060606,0.575758,park
659,0.060606,0.585859,cafe
660,0.060606,0.595960,store
661,0.060606,0.606061,hospital
662,0.060606,0.616162,restaurant
663,0.060606,0.626263,bank
664,0.060606,0.636364,cafe
665,0.060606,0.646465,restaurant
666,0.060606,0.656566,restaurant
667,0.060606,0.666667,restaurant
668,0.060606,0.676768,bank
669,0.060606,0.686869,store
670,0.060606,0.696970,cafe
671,0.060606,0.707071,pharmacy
672,0.060606,0.717172,hospital
673,0.060606,0.727273,store
674,0.060606,0.737374,park
675,0.060606,0.747475,pharmacy
676,0.060606,0.757576,store
677,0.060606,0.767677,pharmacy
678,0.060606,0.777778,pharmacy
679,0.060606,0.787879,bank
680,0.060606,0.797980,cafe
681,0.060606,0.808081,store
682,0.060606,0.818182,school
683,0.060606,0.828283,bank
684,0.060606,0.838384,restaurant
685,0.060606,0.848485,hospital
686,0.060606,0.858586,cafe
687,0.060606,0.868687,bank
688,0.060606,0.878788,park
689,0.060606,0.888889,pharmacy
690,0.060606,0.898990,school
691,0.060606,0.909091,park
692,0.060606,0.919192,hospital
693,0.060606,0.929293,cafe
694,0.060606,0.939394,park
695,0.060606,0.949495,restaurant
696,0.060606,0.959596,school
697,0.060606,0.969697,restaurant
698,0.060606,0.979798,hospital
699,0.060606,0.989899,pharmacy
700,0.060606,1.000000,restaurant
701,0.070707,0.000000,hospital
702,0.070707,0.010101,restaurant
703,0.070707,0.020202,cafe
704,0.070707,0.030303,hospital
705,0.070707,0.040404,hospital
706,0.070707,0.050505,restaurant
707,0.070707,0.060606,cafe
708,0.070707,0.070707,cafe
709,0.070707,0.080808,pharmacy
710,0.070707,0.090909,park
711,0.070707,0.101010,school
712,0.070707,0.111111,store
713,0.070707,0.121212,hospital
714,0.070707,0.131313,store
715,0.070707,0.141414,school
716,0.070707,0.151515,bank
717,0.070707,0.161616,bank
718,0.070707,0.171717,store
719,0.070707,0.181818,bank
720,0.070707,0.191919,school
721,0.070707,0.202020,bank
722,0.070707,0.212121,cafe
723,0.070707,0.222222,pharmacy
724,0.070707,0.232323,restaurant
725,0.070707,0.242424,cafe
726,0.070707,0.252525,school
727,0.070707,0.262626,cafe
728,0.070707,0.272727,bank
729,0.070707,0.282828,cafe
730,0.070707,0.292929,cafe
731,0.070707,0.303030,pharmacy
732,0.070707,0.313131,restaurant
733,0.070707,0.323232,restaurant
734,0.070707,0.333333,restaurant
735,0.070707,0.343434,store
736,0.070707,0.353535,hospital
737,0.070707,0.363636,pharmacy
738,0.070707,0.373737,cafe
739,0.070707,0.383838,park
740,0.070707,0.393939,pharmacy
741,0.070707,0.404040,school
742,0.070707,0.414141,bank
743,0.070707,0.424242,bank
744,0.070707,0.434343,restaurant
745,0.070707,0.444444,cafe
746,0.070707,0.454545,pharmacy
747,0.070707,0.464646,pharmacy
748,0.070707,0.474747,park
749,0.070707,0.484848,cafe
750,0.070707,0.494949,restaurant
751,0.070707,0.505051,hospital
752,0.070707,0.515152,pharmacy
753,0.070707,0.525253,hospital
754,0.070707,0.535354,pharmacy
755,0.070707,0.545455,pharmacy
756,0.070707,0.555556,restaurant
757,0.070707,0.565657,restaurant
758,0.070707,0.575758,cafe
759,0.070707,0.585859,store
760,0.070707,0.595960,park
761,0.070707,0.606061,park
762,0.070707,0.616162,hospital
763,0.070707,0.626263,restaurant
764,0.070707,0.636364,school
765,0.070707,0.646465,bank
766,0.070707,0.656566,bank
767,0.070707,0.666667,bank
768,0.070707,0.676768,restaurant
769,0.070707,0.686869,hospital
770,0.070707,0.696970,park
771,0.070707,0.707071,restaurant
772,0.070707,0.717172,school
773,0.070707,0.727273,bank
774,0.070707,0.737374,hospital
775,0.070707,0.747475,park
776,0.070707,0.757576,store
777,0.070707,0.767677,cafe
778,0.070707,0.777778,park
779,0.070707,0.787879,hospital
780,0.070707,0.797980,pharmacy
781,0.070707,0.808081,cafe
782,0.070707,0.818182,school
783,0.070707,0.828283,cafe
784,0.070707,0.838384,restaurant
785,0.070707,0.848485,hospital
786,0.070707,0.858586,hospital
787,0.070707,0.868687,pharmacy
788,0.070707,0.878788,restaurant
789,0.070707,0.888889,restaurant
790,0.070707,0.898990,pharmacy
791,0.070707,0.909091,hospital
792,0.070707,0.919192,pharmacy
793,0.070707,0.929293,park
794,0.070707,0.939394,school
795,0.070707,0.949495,restaurant
796,0.070707,0.959596,bank
797,0.070707,0.969697,pharmacy
798,0.070707,0.979798,restaurant
799,0.070707,0.989899,park
800,0.070707,1.000000,store
801,0.080808,0.000000,bank
802,0.080808,0.010101,restaurant
803,0.080808,0.020202,school
804,0.080808,0.030303,store
805,0.080808,0.040404,park
806,0.080808,0.050505,hospital
807,0.080808,0.060606,pharmacy
808,0.080808,0.070707,school
809,0.080808,0.080808,school
810,0.080808,0.090909,bank
811,0.080808,0.101010,bank
812,0.080808,0.111111,school
813,0.080808,0.121212,hospital
814,0.080808,0.131313,cafe
815,0.080808,0.141414,hospital
816,0.080808,0.151515,park
817,0.080808,0.161616,store
818,0.080808,0.171717,hospital
819,0.080808,0.181818,bank
820,0.080808,0.191919,restaurant
821,0.080808,0.202020,hospital
822,0.080808,0.212121,bank
823,0.080808,0.222222,pharmacy
824,0.080808,0.232323,pharmacy
825,0.080808,0.242424,school
826,0.080808,0.252525,restaurant
827,0.080808,0.262626,cafe
828,0.080808,0.272727,pharmacy
829,0.080808,0.282828,bank
830,0.080808,0.292929,hospital
831,0.080808,0.303030,pharmacy
832,0.080808,0.313131,store
833,0.080808,0.323232,cafe
834,0.080808,0.333333,hospital
835,0.080808,0.343434,cafe
836,0.080808,0.353535,restaurant
837,0.080808,0.363636,store
838,0.080808,0.373737,pharmacy
839,0.080808,0.383838,store
840,0.080808,0.393939,school
841,0.080808,0.404040,bank
842,0.080808,0.414141,hospital
843,0.080808,0.424242,restaurant
844,0.080808,0.434343,hospital
845,0.080808,0.444444,restaurant
846,0.080808,0.454545,school
847,0.080808,0.464646,park
848,0.080808,0.474747,cafe
849,0.080808,0.484848,hospital
850,0.080808,0.494949,hospital
851,0.080808,0.505051,park
852,0.080808,0.515152,bank
853,0.080808,0.525253,cafe
854,0.080808,0.535354,restaurant
855,0.080808,0.545455,school
856,0.080808,0.555556,school
857,0.080808,0.565657,bank
858,0.080808,0.575758,restaurant
859,0.080808,0.585859,park
860,0.080808,0.595960,school
861,0.080808,0.606061,school
862,0.080808,0.616162,store
863,0.080808,0.626263,store
864,0.080808,0.636364,restaurant
865,0.080808,0.646465,bank
866,0.080808,0.656566,store
867,0.080808,0.666667,pharmacy
868,0.080808,0.676768,bank
869,0.080808,0.686869,store
870,0.080808,0.696970,store
871,0.080808,0.707071,bank
872,0.080808,0.717172,hospital
873,0.080808,0.727273,school
874,0.080808,0.737374,bank
875,0.080808,0.747475,school
876,0.080808,0.757576,restaurant
877,0.080808,0.767677,pharmacy
878,0.080808,0.777778,hospital
879,0.080808,0.787879,store
880,0.080808,0.797980,cafe
881,0.080808,0.808081,store
882,0.080808,0.818182,bank
883,0.080808,0.828283,restaurant
884,0.080808,0.838384,park
885,0.080808,0.848485,hospital
886,0.080808,0.858586,store
887,0.080808,0.868687,school
888,0.080808,0.878788,store
889,0.080808,0.888889,school
890,0.080808,0.898990,restaurant
891,0.080808,0.909091,hospital
892,0.080808,0.919192,park
893,0.080808,0.929293,cafe
894,0.080808,0.939394,cafe
895,0.080808,0.949495,school
896,0.080808,0.959596,hospital
897,0.080808,0.969697,store
898,0.080808,0.979798,cafe
899,0.080808,0.989899,park
900,0.080808,1.000000,school
901,0.090909,0.000000,pharmacy
902,0.090909,0.010101,park
903,0.090909,0.020202,restaurant
904,0.090909,0.030303,school
905,0.090909,0.040404,pharmacy
906,0.090909,0.050505,bank
907,0.090909,0.060606,store
908,0.090909,0.070707,hospital
909,0.090909,0.080808,restaurant
910,0.090909,0.090909,school
911,0.090909,0.101010,hospital
912,0.090909,0.111111,hospital
913,0.090909,0.121212,hospital
914,0.090909,0.131313,store
915,0.090909,0.141414,park
916,0.090909,0.151515,bank
917,0.090909,0.161616,cafe
918,0.090909,0.171717,hospital
919,0.090909,0.181818,hospital
920,0.090909,0.191919,bank
921,0.090909,0.202020,restaurant
922,0.090909,0.212121,restaurant
923,0.090909,0.222222,hospital
924,0.090909,0.232323,school
925,0.090909,0.242424,store
926,0.090909,0.252525,restaurant
927,0.090909,0.262626,cafe
928,0.090909,0.272727,hospital
929,0.090909,0.282828,store
930,0.090909,0.292929,store
931,0.090909,0.303030,cafe
932,0.090909,0.313131,store
933,0.090909,0.323232,park
934,0.090909,0.333333,park
935,0.090909,0.343434,park
936,0.090909,0.353535,bank
937,0.090909,0.363636,pharmacy
938,0.090909,0.373737,pharmacy
939,0.090909,0.383838,bank
940,0.090909,0.393939,cafe
941,0.090909,0.404040,school
942,0.090909,0.414141,pharmacy
943,0.090909,0.424242,restaurant
944,0.090909,0.434343,cafe
945,0.090909,0.444444,park
946,0.090909,0.454545,restaurant
947,0.090909,0.464646,park
948,0.090909,0.474747,bank
949,0.090909,0.484848,store
950,0.090909,0.494949,hospital
951,0.090909,0.505051,school
952,0.090909,0.515152,park
953,0.090909,0.525253,cafe
954,0.090909,0.535354,cafe
955,0.090909,0.545455,restaurant
956,0.090909,0.555556,hospital
957,0.090909,0.565657,cafe
958,0.090909,0.575758,school
959,0.090909,0.585859,bank
960,0.090909,0.595960,bank
961,0.090909,0.606061,pharmacy
962,0.090909,0.616162,hospital
963,0.090909,0.626263,hospital
964,0.090909,0.636364,restaurant
965,0.090909,0.646465,restaurant
966,0.090909,0.656566,hospital
967,0.090909,0.666667,store
968,0.090909,0.676768,bank
969,0.090909,0.686869,park
970,0.090909,0.696970,cafe
971,0.090909,0.707071,park
972,0.090909,0.717172,school
973,0.090909,0.727273,cafe
974,0.090909,0.737374,hospital
975,0.090909,0.747475,hospital
976,0.090909,0.757576,bank
977,0.090909,0.767677,school
978,0.090909,0.777778,park
979,0.090909,0.787879,school
980,0.090909,0.797980,bank
981,0.090909,0.808081,bank
982,0.090909,0.818182,school
983,0.090909,0.828283,hospital
984,0.090909,0.838384,restaurant
985,0.090909,0.848485,hospital
986,0.090909,0.858586,cafe
987,0.090909,0.868687,park
988,0.090909,0.878788,restaurant
989,0.090909,0.888889,restaurant
990,0.090909,0.898990,pharmacy
991,0.090909,0.909091,cafe
992,0.090909,0.919192,bank
993,0.090909,0.929293,hospital
994,0.090909,0.939394,bank
995,0.090909,0.949495,park
996,0.090909,0.959596,restaurant
997,0.090909,0.969697,school
998,0.090909,0.979798,pharmacy
999,0.090909,0.989899,cafe
1000,0.090909,1.000000,store
1001,0.101010,0.000000,school
1002,0.101010,0.010101,park
1003,0.101010,0.020202,store
1004,0.101010,0.030303,school
1005,0.101010,0.040404,pharmacy
1006,0.101010,0.050505,school
1007,0.101010,0.060606,park
1008,0.101010,0.070707,store
1009,0.101010,0.080808,store
1010,0.101010,0.090909,restaurant
1011,0.101010,0.101010,store
1012,0.101010,0.111111,pharmacy
1013,0.101010,0.121212,school
1014,0.101010,0.131313,bank
1015,0.101010,0.141414,pharmacy
1016,0.101010,0.151515,pharmacy
1017,0.101010,0.161616,bank
1018,0.101010,0.171717,restaurant
1019,0.101010,0.181818,hospital
1020,0.101010,0.191919,school
1021,0.101010,0.202020,cafe
1022,0.101010,0.212121,restaurant
1023,0.101010,0.222222,school
1024,0.101010,0.232323,pharmacy
1025,0.101010,0.242424,cafe
1026,0.101010,0.252525,bank
1027,0.101010,0.262626,hospital
1028,0.101010,0.272727,cafe
1029,0.101010,0.282828,store
1030,0.101010,0.292929,school
1031,0.101010,0.303030,bank
1032,0.101010,0.313131,store
1033,0.101010,0.323232,school
1034,0.101010,0.333333,park
1035,0.101010,0.343434,restaurant
1036,0.101010,0.353535,pharmacy
1037,0.101010,0.363636,pharmacy
1038,0.101010,0.373737,cafe
1039,0.101010,0.383838,restaurant
1040,0.101010,0.393939,cafe
1041,0.101010,0.404040,hospital
1042,0.101010,0.414141,bank
1043,0.101010,0.424242,store
1044,0.101010,0.434343,bank
1045,0.101010,0.444444,pharmacy
1046,0.101010,0.454545,pharmacy
1047,0.101010,0.464646,restaurant
1048,0.101010,0.474747,park
1049,0.101010,0.484848,school
1050,0.101010,0.494949,store
1051,0.101010,0.505051,hospital
1052,0.101010,0.515152,store
1053,0.101010,0.525253,hospital
1054,0.101010,0.535354,restaurant
1055,0.101010,0.545455,park
1056,0.101010,0.555556,store
1057,0.101010,0.565657,bank
1058,0.101010,0.575758,restaurant
1059,0.101010,0.585859,restaurant
1060,0.101010,0.595960,school
1061,0.101010,0.606061,school
1062,0.101010,0.616162,hospital
1063,0.101010,0.626263,school
1064,0.101010,0.636364,bank
1065,0.101010,0.646465,school
1066,0.101010,0.656566,cafe
1067,0.101010,0.666667,park
1068,0.101010,0.676768,hospital
1069,0.101010,0.686869,store
1070,0.101010,0.696970,pharmacy
1071,0.101010,0.707071,store
1072,0.101010,0.717172,store
1073,0.101010,0.727273,bank
1074,0.101010,0.737374,pharmacy
1075,0.101010,0.747475,school
1076,0.101010,0.757576,bank
1077,0.101010,0.767677,store
1078,0.101010,0.777778,pharmacy
1079,0.101010,0.787879,cafe
1080,0.101010,0.797980,park
1081,0.101010,0.808081,store
1082,0.101010,0.818182,bank
1083,0.101010,0.828283,hospital
1084,0.101010,0.838384,pharmacy
1085,0.101010,0.848485,restaurant
1086,0.101010,0.858586,store
1087,0.101010,0.868687,bank
1088,0.101010,0.878788,bank
1089,0.101010,0.888889,school
1090,0.101010,0.898990,store
1091,0.101010,0.909091,restaurant
1092,0.101010,0.919192,store
1093,0.101010,0.929293,bank
1094,0.101010,0.939394,bank
1095,0.101010,0.949495,park
1096,0.101010,0.959596,park
1097,0.101010,0.969697,cafe
1098,0.101010,0.979798,store
1099,0.101010,0.989899,bank
1100,0.101010,1.000000,park
1101,0.111111,0.000000,bank
1102,0.111111,0.010101,store
1103,0.111111,0.020202,restaurant
1104,0.111111,0.030303,pharmacy
1105,0.111111,0.040404,restaurant
1106,0.111111,0.050505,park
1107,0.111111,0.060606,bank
1108,0.111111,0.070707,store
1109,0.111111,0.080808,park
1110,0.111111,0.090909,cafe
1111,0.111111,0.101010,pharmacy
1112,0.111111,0.111111,bank
1113,0.111111,0.121212,store
1114,0.111111,0.131313,hospital
1115,0.111111,0.141414,park
1116,0.111111,0.151515,store
1117,0.111111,0.161616,park
1118,0.111111,0.171717,hospital
1119,0.111111,0.181818,store
1120,0.111111,0.191919,school
1121,0.111111,0.202020,cafe
1122,0.111111,0.212121,store
1123,0.111111,0.222222,park
1124,0.111111,0.232323,park
1125,0.111111,0.242424,pharmacy
1126,0.111111,0.252525,pharmacy
1127,0.111111,0.262626,hospital
1128,0.111111,0.272727,pharmacy
1129,0.111111,0.282828,cafe
1130,0.111111,0.292929,pharmacy
1131,0.111111,0.303030,restaurant
1132,0.111111,0.313131,cafe
1133,0.111111,0.323232,pharmacy
1134,0.111111,0.333333,cafe
1135,0.111111,0.343434,store
1136,0.111111,0.353535,bank
1137,0.111111,0.363636,school
1138,0.111111,0.373737,store
1139,0.111111,0.383838,pharmacy
1140,0.111111,0.393939,park
1141,0.111111,0.404040,pharmacy
1142,0.111111,0.414141,store
1143,0.111111,0.424242,store
1144,0.111111,0.434343,school
1145,0.111111,0.444444,restaurant
1146,0.111111,0.454545,hospital
1147,0.111111,0.464646,hospital
1148,0.111111,0.474747,school
1149,0.111111,0.484848,school
1150,0.111111,0.494949,store
1151,0.111111,0.505051,bank
1152,0.111111,0.515152,restaurant
1153,0.111111,0.525253,school
1154,0.111111,0.535354,cafe
1155,0.111111,0.545455,pharmacy
1156,0.111111,0.555556,restaurant
1157,0.111111,0.565657,bank
1158,0.111111,0.575758,park
1159,0.111111,0.585859,store
1160,0.111111,0.595960,cafe
1161,0.111111,0.606061,cafe
1162,0.111111,0.616162,bank
1163,0.111111,0.626263,pharmacy
1164,0.111111,0.636364,pharmacy
1165,0.111111,0.646465,bank
1166,0.111111,0.656566,store
1167,0.111111,0.666667,restaurant
1168,0.111111,0.676768,park
1169,0.111111,0.686869,hospital
1170,0.111111,0.696970,restaurant
1171,0.111111,0.707071,restaurant
1172,0.111111,0.717172,bank
1173,0.111111,0.727273,hospital
1174,0.111111,0.737374,hospital
1175,0.111111,0.747475,bank
1176,0.111111,0.757576,park
1177,0.111111,0.767677,store
1178,0.111111,0.777778,pharmacy
1179,0.111111,0.787879,cafe
1180,0.111111,0.797980,school
1181,0.111111,0.808081,pharmacy
1182,0.111111,0.818182,park
1183,0.111111,0.828283,pharmacy
1184,0.111111,0.838384,cafe
1185,0.111111,0.848485,store
1186,0.111111,0.858586,store
1187,0.111111,0.868687,cafe
1188,0.111111,0.878788,restaurant
1189,0.111111,0.888889,hospital
1190,0.111111,0.898990,store
1191,0.111111,0.909091,bank
1192,0.111111,0.919192,bank
1193,0.111111,0.929293,pharmacy
1194,0.111111,0.939394,restaurant
1195,0.111111,0.949495,restaurant
1196,0.111111,0.959596,park
1197,0.111111,0.969697,restaurant
1198,0.111111,0.979798,bank
1199,0.111111,0.989899,store
1200,0.111111,1.000000,cafe
1201,0.121212,0.000000,cafe
1202,0.121212,0.010101,hospital
1203,0.121212,0.020202,hospital
1204,0.121212,0.030303,restaurant
1205,0.121212,0.040404,bank
1206,0.121212,0.050505,hospital
1207,0.121212,0.060606,pharmacy
1208,0.121212,0.070707,cafe
1209,0.121212,0.080808,pharmacy
1210,0.121212,0.090909,hospital
1211,0.121212,0.101010,park
1212,0.121212,0.111111,restaurant
1213,0.121212,0.121212,cafe
1214,0.121212,0.131313,park
1215,0.121212,0.141414,school
1216,0.121212,0.151515,park
1217,0.121212,0.161616,hospital
1218,0.121212,0.171717,park
1219,0.121212,0.181818,cafe
1220,0.121212,0.191919,pharmacy
1221,0.121212,0.202020,cafe
1222,0.121212,0.212121,park
1223,0.121212,0.222222,cafe
1224,0.121212,0.232323,hospital
1225,0.121212,0.242424,pharmacy
1226,0.121212,0.252525,bank
1227,0.121212,0.262626,hospital
1228,0.121212,0.272727,pharmacy
1229,0.121212,0.282828,restaurant
1230,0.121212,0.292929,park
1231,0.121212,0.303030,hospital
1232,0.121212,0.313131,pharmacy
1233,0.121212,0.323232,hospital
1234,0.121212,0.333333,school
1235,0.121212,0.343434,hospital
1236,0.121212,0.353535,bank
1237,0.121212,0.363636,cafe
1238,0.121212,0.373737,restaurant
1239,0.121212,0.383838,hospital
1240,0.121212,0.393939,park
1241,0.121212,0.404040,bank
1242,0.121212,0.414141,pharmacy
1243,0.121212,0.424242,restaurant
1244,0.121212,0.434343,pharmacy
1245,0.121212,0.444444,park
1246,0.121212,0.454545,hospital
1247,0.121212,0.464646,hospital
1248,0.121212,0.474747,bank
1249,0.121212,0.484848,pharmacy
1250,0.121212,0.494949,store
1251,0.121212,0.505051,bank
1252,0.121212,0.515152,hospital
1253,0.121212,0.525253,bank
1254,0.121212,0.535354,pharmacy
1255,0.121212,0.545455,park
1256,0.121212,0.555556,park
1257,0.121212,0.565657,store
1258,0.121212,0.575758,restaurant
1259,0.121212,0.585859,restaurant
1260,0.121212,0.595960,park
1261,0.121212,0.606061,bank
1262,0.121212,0.616162,hospital
1263,0.121212,0.626263,pharmacy
1264,0.121212,0.636364,pharmacy
1265,0.121212,0.646465,hospital
1266,0.121212,0.656566,restaurant
1267,0.121212,0.666667,park
1268,0.121212,0.676768,cafe
1269,0.121212,0.686869,store
1270,0.121212,0.696970,pharmacy
1271,0.121212,0.707071,cafe
1272,0.121212,0.717172,bank
1273,0.121212,0.727273,park
1274,0.121212,0.737374,park
1275,0.121212,0.747475,bank
1276,0.121212,0.757576,restaurant
1277,0.121212,0.767677,bank
1278,0.121212,0.777778,hospital
1279,0.121212,0.787879,store
1280,0.121212,0.797980,park
1281,0.121212,0.808081,pharmacy
1282,0.121212,0.818182,bank
1283,0.121212,0.828283,restaurant
1284,0.121212,0.838384,restaurant
1285,0.121212,0.848485,bank
1286,0.121212,0.858586,store
1287,0.121212,0.868687,school
1288,0.121212,0.878788,bank
1289,0.121212,0.888889,school
1290,0.121212,0.898990,park
1291,0.121212,0.909091,school
1292,0.121212,0.919192,restaurant
1293,0.121212,0.929293,hospital
1294,0.121212,0.939394,school
1295,0.121212,0.949495,hospital
1296,0.121212,0.959596,bank
1297,0.121212,0.969697,pharmacy
1298,0.121212,0.979798,school
1299,0.121212,0.989899,pharmacy
1300,0.121212,1.000000,hospital
1301,0.131313,0.000000,bank
1302,0.131313,0.010101,cafe
1303,0.131313,0.020202,hospital
1304,0.131313,0.030303,store
1305,0.131313,0.040404,store
1306,0.131313,0.050505,pharmacy
1307,0.131313,0.060606,restaurant
1308,0.131313,0.070707,school
1309,0.131313,0.080808,cafe
1310,0.131313,0.090909,hospital
1311,0.131313,0.101010,pharmacy
1312,0.131313,0.111111,pharmacy
1313,0.131313,0.121212,park
1314,0.131313,0.131313,cafe
1315,0.131313,0.141414,school
1316,0.131313,0.151515,park
1317,0.131313,0.161616,cafe
1318,0.131313,0.171717,pharmacy
1319,0.131313,0.181818,store
1320,0.131313,0.191919,bank
1321,0.131313,0.202020,pharmacy
1322,0.131313,0.212121,cafe
1323,0.131313,0.222222,school
1324,0.131313,0.232323,school
1325,0.131313,0.242424,store
1326,0.131313,0.252525,park
1327,0.131313,0.262626,cafe
1328,0.131313,0.272727,restaurant
1329,0.131313,0.282828,store
1330,0.131313,0.292929,park
1331,0.131313,0.303030,hospital
1332,0.131313,0.313131,bank
1333,0.131313,0.323232,store
1334,0.131313,0.333333,store
1335,0.131313,0.343434,bank
1336,0.131313,0.353535,store
1337,0.131313,0.363636,bank
1338,0.131313,0.373737,restaurant
1339,0.131313,0.383838,cafe
1340,0.131313,0.393939,park
1341,0.131313,0.404040,park
1342,0.131313,0.414141,bank
1343,0.131313,0.424242,restaurant
1344,0.131313,0.434343,cafe
1345,0.131313,0.444444,school
1346,0.131313,0.454545,store
1347,0.131313,0.464646,school
1348,0.131313,0.474747,bank
1349,0.131313,0.484848,store
1350,0.131313,0.494949,hospital
1351,0.131313,0.505051,bank
1352,0.131313,0.515152,school
1353,0.131313,0.525253,park
1354,0.131313,0.535354,bank
1355,0.131313,0.545455,hospital
1356,0.131313,0.555556,restaurant
1357,0.131313,0.565657,cafe
1358,0.131313,0.575758,restaurant
1359,0.131313,0.585859,store
1360,0.131313,0.595960,pharmacy
1361,0.131313,0.606061,cafe
1362,0.131313,0.616162,restaurant
1363,0.131313,0.626263,restaurant
1364,0.131313,0.636364,bank
1365,0.131313,0.646465,school
1366,0.131313,0.656566,pharmacy
1367,0.131313,0.666667,pharmacy
1368,0.131313,0.676768,bank
1369,0.131313,0.686869,hospital
1370,0.131313,0.696970,store
1371,0.131313,0.707071,store
1372,0.131313,0.717172,cafe
1373,0.131313,0.727273,restaurant
1374,0.131313,0.737374,bank
1375,0.131313,0.747475,store
1376,0.131313,0.757576,hospital
1377,0.131313,0.767677,school
1378,0.131313,0.777778,park
1379,0.131313,0.787879,cafe
1380,0.131313,0.797980,bank
1381,0.131313,0.808081,restaurant
1382,0.131313,0.818182,bank
1383,0.131313,0.828283,restaurant
1384,0.131313,0.838384,bank
1385,0.131313,0.848485,school
1386,0.131313,0.858586,pharmacy
1387,0.131313,0.868687,bank
1388,0.131313,0.878788,cafe
1389,0.131313,0.888889,pharmacy
1390,0.131313,0.898990,pharmacy
1391,0.131313,0.909091,school
1392,0.131313,0.919192,bank
1393,0.131313,0.929293,pharmacy
1394,0.131313,0.939394,bank
1395,0.131313,0.949495,hospital
1396,0.131313,0.959596,hospital
1397,0.131313,0.969697,park
1398,0.131313,0.979798,restaurant
1399,0.131313,0.989899,bank
1400,0.131313,1.000000,restaurant
1401,0.141414,0.000000,pharmacy
1402,0.141414,0.010101,bank
1403,0.141414,0.020202,bank
1404,0.141414,0.030303,pharmacy
1405,0.141414,0.040404,bank
1406,0.141414,0.050505,park
1407,0.141414,0.060606,park
1408,0.141414,0.070707,store
1409,0.141414,0.080808,cafe
1410,0.141414,0.090909,school
1411,0.141414,0.101010,cafe
1412,0.141414,0.111111,school
1413,0.141414,0.121212,store
1414,0.141414,0.131313,cafe
1415,0.141414,0.141414,restaurant
1416,0.141414,0.151515,pharmacy
1417,0.141414,0.161616,hospital
1418,0.141414,0.171717,cafe
1419,0.141414,0.181818,cafe
1420,0.141414,0.191919,pharmacy
1421,0.141414,0.202020,hospital
1422,0.141414,0.212121,store
1423,0.141414,0.222222,park
1424,0.141414,0.232323,pharmacy
1425,0.141414,0.242424,restaurant
1426,0.141414,0.252525,school
1427,0.141414,0.262626,bank
1428,0.141414,0.272727,park
1429,0.141414,0.282828,pharmacy
1430,0.141414,0.292929,hospital
1431,0.141414,0.303030,restaurant
1432,0.141414,0.313131,hospital
1433,0.141414,0.323232,pharmacy
1434,0.141414,0.333333,restaurant
1435,0.141414,0.343434,store
1436,0.141414,0.353535,school
1437,0.141414,0.363636,store
1438,0.141414,0.373737,restaurant
1439,0.141414,0.383838,pharmacy
1440,0.141414,0.393939,hospital
1441,0.141414,0.404040,restaurant
1442,0.141414,0.414141,hospital
1443,0.141414,0.424242,cafe
1444,0.141414,0.434343,restaurant
1445,0.141414,0.444444,bank
1446,0.141414,0.454545,cafe
1447,0.141414,0.464646,restaurant
1448,0.141414,0.474747,park
1449,0.141414,0.484848,park
1450,0.141414,0.494949,school
1451,0.141414,0.505051,restaurant
1452,0.141414,0.515152,hospital
1453,0.141414,0.525253,bank
1454,0.141414,0.535354,school
1455,0.141414,0.545455,restaurant
1456,0.141414,0.555556,bank
1457,0.141414,0.565657,restaurant
1458,0.141414,0.575758,restaurant
1459,0.141414,0.585859,pharmacy
1460,0.141414,0.595960,store
1461,0.141414,0.606061,park
1462,0.141414,0.616162,hospital
1463,0.141414,0.626263,pharmacy
1464,0.141414,0.636364,bank
1465,0.141414,0.646465,school
1466,0.141414,0.656566,restaurant
1467,0.141414,0.666667,pharmacy
1468,0.141414,0.676768,bank
1469,0.141414,0.686869,pharmacy
1470,0.141414,0.696970,bank
1471,0.141414,0.707071,hospital
1472,0.141414,0.717172,hospital
1473,0.141414,0.727273,store
1474,0.141414,0.737374,pharmacy
1475,0.141414,0.747475,cafe
1476,0.141414,0.757576,bank
1477,0.141414,0.767677,restaurant
1478,0.141414,0.777778,bank
1479,0.141414,0.787879,pharmacy
1480,0.141414,0.797980,school
1481,0.141414,0.808081,school
1482,0.141414,0.818182,bank
1483,0.141414,0.828283,school
1484,0.141414,0.838384,pharmacy
1485,0.141414,0.848485,bank
1486,0.141414,0.858586,cafe
1487,0.141414,0.868687,store
1488,0.141414,0.878788,bank
1489,0.141414,0.888889,school
1490,0.141414,0.898990,pharmacy
1491,0.141414,0.909091,park
1492,0.141414,0.919192,cafe
1493,0.141414,0.929293,cafe
1494,0.141414,0.939394,hospital
1495,0.141414,0.949495,store
1496,0.141414,0.959596,hospital
1497,0.141414,0.969697,hospital
1498,0.141414,0.979798,bank
1499,0.141414,0.989899,park
1500,0.141414,1.000000,bank
1501,0.151515,0.000000,cafe
1502,0.151515,0.010101,cafe
1503,0.151515,0.020202,pharmacy
1504,0.151515,0.030303,cafe
1505,0.151515,0.040404,school
1506,0.151515,0.050505,restaurant
1507,0.151515,0.060606,store
1508,0.151515,0.070707,store
1509,0.151515,0.080808,park
1510,0.151515,0.090909,hospital
1511,0.151515,0.101010,school
1512,0.151515,0.111111,store
1513,0.151515,0.121212,restaurant
1514,0.151515,0.131313,hospital
1515,0.151515,0.141414,school
1516,0.151515,0.151515,cafe
1517,0.151515,0.161616,cafe
1518,0.151515,0.171717,park
1519,0.151515,0.181818,restaurant
1520,0.151515,0.191919,store
1521,0.151515,0.202020,pharmacy
1522,0.151515,0.212121,pharmacy
1523,0.151515,0.222222,restaurant
1524,0.151515,0.232323,hospital
1525,0.151515,0.242424,school
1526,0.151515,0.252525,pharmacy
1527,0.151515,0.262626,store
1528,0.151515,0.272727,pharmacy
1529,0.151515,0.282828,cafe
1530,0.151515,0.292929,cafe
1531,0.151515,0.303030,cafe
1532,0.151515,0.313131,store
1533,0.151515,0.323232,hospital
1534,0.151515,0.333333,bank
1535,0.151515,0.343434,hospital
1536,0.151515,0.353535,bank
1537,0.151515,0.363636,pharmacy
1538,0.151515,0.373737,hospital
1539,0.151515,0.383838,school
1540,0.151515,0.393939,bank
1541,0.151515,0.404040,school
1542,0.151515,0.414141,cafe
1543,0.151515,0.424242,pharmacy
1544,0.151515,0.434343,cafe
1545,0.151515,0.444444,pharmacy
1546,0.151515,0.454545,park
1547,0.151515,0.464646,park
1548,0.151515,0.474747,restaurant
1549,0.151515,0.484848,park
1550,0.151515,0.494949,pharmacy
1551,0.151515,0.505051,pharmacy
1552,0.151515,0.515152,school
1553,0.151515,0.525253,pharmacy
1554,0.151515,0.535354,cafe
1555,0.151515,0.545455,store
1556,0.151515,0.555556,store
1557,0.151515,0.565657,hospital
1558,0.151515,0.575758,bank
1559,0.151515,0.585859,bank
1560,0.151515,0.595960,school
1561,0.151515,0.606061,pharmacy
1562,0.151515,0.616162,cafe
1563,0.151515,0.626263,restaurant
1564,0.151515,0.636364,school
1565,0.151515,0.646465,hospital
1566,0.151515,0.656566,pharmacy
1567,0.151515,0.666667,bank
1568,0.151515,0.676768,park
1569,0.151515,0.686869,bank
1570,0.151515,0.696970,store
1571,0.151515,0.707071,park
1572,0.151515,0.717172,park
1573,0.151515,0.727273,store
1574,0.151515,0.737374,park
1575,0.151515,0.747475,bank
1576,0.151515,0.757576,school
1577,0.151515,0.767677,store
1578,0.151515,0.777778,restaurant
1579,0.151515,0.787879,restaurant
1580,0.151515,0.797980,park
1581,0.151515,0.808081,park
1582,0.151515,0.818182,park
1583,0.151515,0.828283,restaurant
1584,0.151515,0.838384,bank
1585,0.151515,0.848485,pharmacy
1586,0.151515,0.858586,restaurant
1587,0.151515,0.868687,school
1588,0.151515,0.878788,bank
1589,0.151515,0.888889,cafe
1590,0.151515,0.898990,store
1591,0.151515,0.909091,school
1592,0.151515,0.919192,school
1593,0.151515,0.929293,bank
1594,0.151515,0.939394,bank
1595,0.151515,0.949495,cafe
1596,0.151515,0.959596,store
1597,0.151515,0.969697,pharmacy
1598,0.151515,0.979798,store
1599,0.151515,0.989899,pharmacy
1600,0.151515,1.000000,bank
1601,0.161616,0.000000,pharmacy
1602,0.161616,0.010101,hospital
1603,0.161616,0.020202,pharmacy
1604,0.161616,0.030303,cafe
1605,0.161616,0.040404,school
1606,0.161616,0.050505,park
1607,0.161616,0.060606,pharmacy
1608,0.161616,0.070707,cafe
1609,0.161616,0.080808,restaurant
1610,0.161616,0.090909,school
1611,0.161616,0.101010,restaurant
1612,0.161616,0.111111,pharmacy
1613,0.161616,0.121212,restaurant
1614,0.161616,0.131313,cafe
1615,0.161616,0.141414,pharmacy
1616,0.161616,0.151515,cafe
1617,0.161616,0.161616,bank
1618,0.161616,0.171717,pharmacy
1619,0.161616,0.181818,hospital
1620,0.161616,0.191919,store
1621,0.161616,0.202020,store
1622,0.161616,0.212121,restaurant
1623,0.161616,0.222222,store
1624,0.161616,0.232323,bank
1625,0.161616,0.242424,bank
1626,0.161616,0.252525,bank
1627,0.161616,0.262626,store
1628,0.161616,0.272727,school
1629,0.161616,0.282828,school
1630,0.161616,0.292929,school
1631,0.161616,0.303030,park
1632,0.161616,0.313131,store
1633,0.161616,0.323232,restaurant
1634,0.161616,0.333333,park
1635,0.161616,0.343434,pharmacy
1636,0.161616,0.353535,hospital
1637,0.161616,0.363636,bank
1638,0.161616,0.373737,park
1639,0.161616,0.383838,cafe
1640,0.161616,0.393939,store
1641,0.161616,0.404040,cafe
1642,0.161616,0.414141,restaurant
1643,0.161616,0.424242,pharmacy
1644,0.161616,0.434343,cafe
1645,0.161616,0.444444,park
1646,0.161616,0.454545,park
1647,0.161616,0.464646,pharmacy
1648,0.161616,0.474747,cafe
1649,0.161616,0.484848,school
1650,0.161616,0.494949,hospital
1651,0.161616,0.505051,pharmacy
1652,0.161616,0.515152,cafe
1653,0.161616,0.525253,pharmacy
1654,0.161616,0.535354,cafe
1655,0.161616,0.545455,hospital
1656,0.161616,0.555556,hospital
1657,0.161616,0.565657,school
1658,0.161616,0.575758,school
1659,0.161616,0.585859,hospital
1660,0.161616,0.595960,school
1661,0.161616,0.606061,cafe
1662,0.161616,0.616162,pharmacy
1663,0.161616,0.626263,store
1664,0.161616,0.636364,restaurant
1665,0.161616,0.646465,park
1666,0.161616,0.656566,hospital
1667,0.161616,0.666667,cafe
1668,0.161616,0.676768,restaurant
1669,0.161616,0.686869,store
1670,0.161616,0.696970,restaurant
1671,0.161616,0.707071,park
1672,0.161616,0.717172,restaurant
1673,0.161616,0.727273,restaurant
1674,0.161616,0.737374,school
1675,0.161616,0.747475,park
1676,0.161616,0.757576,bank
1677,0.161616,0.767677,park
1678,0.161616,0.777778,hospital
1679,0.161616,0.787879,park
1680,0.161616,0.797980,park
1681,0.161616,0.808081,hospital
1682,0.161616,0.818182,store
1683,0.161616,0.828283,school
1684,0.161616,0.838384,hospital
1685,0.161616,0.848485,hospital
1686,0.161616,0.858586,bank
1687,0.161616,0.868687,park
1688,0.161616,0.878788,hospital
1689,0.161616,0.888889,restaurant
1690,0.161616,0.898990,restaurant
1691,0.161616,0.909091,store
1692,0.161616,0.919192,pharmacy
1693,0.161616,0.929293,school
1694,0.161616,0.939394,school
1695,0.161616,0.949495,store
1696,0.161616,0.959596,restaurant
1697,0.161616,0.969697,store
1698,0.161616,0.979798,store
1699,0.161616,0.989899,park
1700,0.161616,1.000000,hospital
1701,0.171717,0.000000,pharmacy
1702,0.171717,0.010101,hospital
1703,0.171717,0.020202,restaurant
1704,0.171717,0.030303,school
1705,0.171717,0.040404,bank
1706,0.171717,0.050505,hospital
1707,0.171717,0.060606,bank
1708,0.171717,0.070707,pharmacy
1709,0.171717,0.080808,hospital
1710,0.171717,0.090909,cafe
1711,0.171717,0.101010,hospital
1712,0.171717,0.111111,store
1713,0.171717,0.121212,park
1714,0.171717,0.131313,store
1715,0.171717,0.141414,bank
1716,0.171717,0.151515,school
1717,0.171717,0.161616,pharmacy
1718,0.171717,0.171717,cafe
1719,0.171717,0.181818,restaurant
1720,0.171717,0.191919,pharmacy
1721,0.171717,0.202020,restaurant
1722,0.171717,0.212121,school
1723,0.171717,0.222222,store
1724,0.171717,0.232323,cafe
1725,0.171717,0.242424,pharmacy
1726,0.171717,0.252525,school
1727,0.171717,0.262626,bank
1728,0.171717,0.272727,hospital
1729,0.171717,0.282828,bank
1730,0.171717,0.292929,hospital
1731,0.171717,0.303030,store
1732,0.171717,0.313131,restaurant
1733,0.171717,0.323232,store
1734,0.171717,0.333333,park
1735,0.171717,0.343434,hospital
1736,0.171717,0.353535,store
1737,0.171717,0.363636,bank
1738,0.171717,0.373737,school
1739,0.171717,0.383838,pharmacy
1740,0.171717,0.393939,bank
1741,0.171717,0.404040,store
1742,0.171717,0.414141,hospital
1743,0.171717,0.424242,restaurant
1744,0.171717,0.434343,bank
1745,0.171717,0.444444,park
1746,0.171717,0.454545,cafe
1747,0.171717,0.464646,school
1748,0.171717,0.474747,store
1749,0.171717,0.484848,bank
1750,0.171717,0.494949,school
1751,0.171717,0.505051,school
1752,0.171717,0.515152,bank
1753,0.171717,0.525253,hospital
1754,0.171717,0.535354,pharmacy
1755,0.171717,0.545455,restaurant
1756,0.171717,0.555556,bank
1757,0.171717,0.565657,hospital
1758,0.171717,0.575758,school
1759,0.171717,0.585859,cafe
1760,0.171717,0.595960,pharmacy
1761,0.171717,0.606061,bank
1762,0.171717,0.616162,school
1763,0.171717,0.626263,school
1764,0.171717,0.636364,school
1765,0.171717,0.646465,cafe
1766,0.171717,0.656566,cafe
1767,0.171717,0.666667,hospital
1768,0.171717,0.676768,park
1769,0.171717,0.686869,park
1770,0.171717,0.696970,cafe
1771,0.171717,0.707071,hospital
1772,0.171717,0.717172,store
1773,0.171717,0.727273,pharmacy
1774,0.171717,0.737374,pharmacy
1775,0.171717,0.747475,cafe
1776,0.171717,0.757576,store
1777,0.171717,0.767677,pharmacy
1778,0.171717,0.777778,bank
1779,0.171717,0.787879,cafe
1780,0.171717,0.797980,hospital
1781,0.171717,0.808081,pharmacy
1782,0.171717,0.818182,park
1783,0.171717,0.828283,park
1784,0.171717,0.838384,school
1785,0.171717,0.848485,store
1786,0.171717,0.858586,hospital
1787,0.171717,0.868687,pharmacy
1788,0.171717,0.878788,pharmacy
1789,0.171717,0.888889,bank
1790,0.171717,0.898990,bank
1791,0.171717,0.909091,pharmacy
1792,0.171717,0.919192,restaurant
1793,0.171717,0.929293,store
1794,0.171717,0.939394,cafe
1795,0.171717,0.949495,store
1796,0.171717,0.959596,cafe
1797,0.171717,0.969697,restaurant
1798,0.171717,0.979798,cafe
1799,0.171717,0.989899,hospital
1800,0.171717,1.000000,school
1801,0.181818,0.000000,store
1802,0.181818,0.010101,restaurant
1803,0.181818,0.020202,store
1804,0.181818,0.030303,restaurant
1805,0.181818,0.040404,cafe
1806,0.181818,0.050505,pharmacy
1807,0.181818,0.060606,school
1808,0.181818,0.070707,pharmacy
1809,0.181818,0.080808,cafe
1810,0.181818,0.090909,school
1811,0.181818,0.101010,bank
1812,0.181818,0.111111,park
1813,0.181818,0.121212,pharmacy
1814,0.181818,0.131313,restaurant
1815,0.181818,0.141414,restaurant
1816,0.181818,0.151515,cafe
1817,0.181818,0.161616,pharmacy
1818,0.181818,0.171717,restaurant
1819,0.181818,0.181818,hospital
1820,0.181818,0.191919,park
1821,0.181818,0.202020,hospital
1822,0.181818,0.212121,hospital
1823,0.181818,0.222222,pharmacy
1824,0.181818,0.232323,restaurant
1825,0.181818,0.242424,cafe
1826,0.181818,0.252525,park
1827,0.181818,0.262626,pharmacy
1828,0.181818,0.272727,park
1829,0.181818,0.282828,cafe
1830,0.181818,0.292929,store
1831,0.181818,0.303030,hospital
1832,0.181818,0.313131,hospital
1833,0.181818,0.323232,park
1834,0.181818,0.333333,cafe
1835,0.181818,0.343434,restaurant
1836,0.181818,0.353535,hospital
1837,0.181818,0.363636,park
1838,0.181818,0.373737,school
1839,0.181818,0.383838,store
1840,0.181818,0.393939,store
1841,0.181818,0.404040,cafe
1842,0.181818,0.414141,store
1843,0.181818,0.424242,store
1844,0.181818,0.434343,store
1845,0.181818,0.444444,park
1846,0.181818,0.454545,store
1847,0.181818,0.464646,store
1848,0.181818,0.474747,park
1849,0.181818,0.484848,pharmacy
1850,0.181818,0.494949,restaurant
1851,0.181818,0.505051,pharmacy
1852,0.181818,0.515152,pharmacy
1853,0.181818,0.525253,restaurant
1854,0.181818,0.535354,hospital
1855,0.181818,0.545455,school
1856,0.181818,0.555556,store
1857,0.181818,0.565657,hospital
1858,0.181818,0.575758,park
1859,0.181818,0.585859,pharmacy
1860,0.181818,0.595960,hospital
1861,0.181818,0.606061,restaurant
1862,0.181818,0.616162,restaurant
1863,0.181818,0.626263,school
1864,0.181818,0.636364,hospital
1865,0.181818,0.646465,restaurant
1866,0.181818,0.656566,hospital
1867,0.181818,0.666667,restaurant
1868,0.181818,0.676768,park
1869,0.181818,0.686869,cafe
1870,0.181818,0.696970,hospital
1871,0.181818,0.707071,pharmacy
1872,0.181818,0.717172,restaurant
1873,0.181818,0.727273,park
1874,0.181818,0.737374,bank
1875,0.181818,0.747475,restaurant
1876,0.181818,0.757576,bank
1877,0.181818,0.767677,bank
1878,0.181818,0.777778,bank
1879,0.181818,0.787879,restaurant
1880,0.181818,0.797980,pharmacy
1881,0.181818,0.808081,restaurant
1882,0.181818,0.818182,bank
1883,0.181818,0.828283,bank
1884,0.181818,0.838384,restaurant
1885,0.181818,0.848485,restaurant
1886,0.181818,0.858586,cafe
1887,0.181818,0.868687,store
1888,0.181818,0.878788,pharmacy
1889,0.181818,0.888889,restaurant
1890,0.181818,0.898990,cafe
1891,0.181818,0.909091,store
1892,0.181818,0.919192,park
1893,0.181818,0.929293,store
1894,0.181818,0.939394,park
1895,0.181818,0.949495,park
1896,0.181818,0.959596,store
1897,0.181818,0.969697,store
1898,0.181818,0.979798,cafe
1899,0.181818,0.989899,bank
1900,0.181818,1.000000,hospital
1901,0.191919,0.000000,bank
1902,0.191919,0.010101,school
1903,0.191919,0.020202,store
1904,0.191919,0.030303,cafe
1905,0.191919,0.040404,pharmacy
1906,0.191919,0.050505,store
1907,0.191919,0.060606,store
1908,0.191919,0.070707,store
1909,0.191919,0.080808,cafe
1910,0.191919,0.090909,school
1911,0.191919,0.101010,bank
1912,0.191919,0.111111,pharmacy
1913,0.191919,0.121212,hospital
1914,0.191919,0.131313,store
1915,0.191919,0.141414,restaurant
1916,0.191919,0.151515,cafe
1917,0.191919,0.161616,pharmacy
1918,0.191919,0.171717,pharmacy
1919,0.191919,0.181818,cafe
1920,0.191919,0.191919,cafe
1921,0.191919,0.202020,store
1922,0.191919,0.212121,bank
1923,0.191919,0.222222,school
1924,0.191919,0.232323,hospital
1925,0.191919,0.242424,bank
1926,0.191919,0.252525,school
1927,0.191919,0.262626,park
1928,0.191919,0.272727,pharmacy
1929,0.191919,0.282828,restaurant
1930,0.191919,0.292929,school
1931,0.191919,0.303030,park
1932,0.191919,0.313131,cafe
1933,0.191919,0.323232,cafe
1934,0.191919,0.333333,hospital
1935,0.191919,0.343434,park
1936,0.191919,0.353535,cafe
1937,0.191919,0.363636,park
1938,0.191919,0.373737,restaurant
1939,0.191919,0.383838,park
1940,0.191919,0.393939,park
1941,0.191919,0.404040,park
1942,0.191919,0.414141,restaurant
1943,0.191919,0.424242,park
1944,0.191919,0.434343,school
1945,0.191919,0.444444,bank
1946,0.191919,0.454545,hospital
1947,0.191919,0.464646,park
1948,0.191919,0.474747,school
1949,0.191919,0.484848,cafe
1950,0.191919,0.494949,store
1951,0.191919,0.505051,store
1952,0.191919,0.515152,restaurant
1953,0.191919,0.525253,store
1954,0.191919,0.535354,school
1955,0.191919,0.545455,store
1956,0.191919,0.555556,restaurant
1957,0.191919,0.565657,store
1958,0.191919,0.575758,cafe
1959,0.191919,0.585859,park
1960,0.191919,0.595960,cafe
1961,0.191919,0.606061,cafe
1962,0.191919,0.616162,pharmacy
1963,0.191919,0.626263,restaurant
1964,0.191919,0.636364,bank
1965,0.191919,0.646465,school
1966,0.191919,0.656566,cafe
1967,0.191919,0.666667,store
1968,0.191919,0.676768,school
1969,0.191919,0.686869,hospital
1970,0.191919,0.696970,pharmacy
1971,0.191919,0.707071,park
1972,0.191919,0.717172,school
1973,0.191919,0.727273,pharmacy
1974,0.191919,0.737374,store
1975,0.191919,0.747475,park
1976,0.191919,0.757576,bank
1977,0.191919,0.767677,bank
1978,0.191919,0.777778,store
1979,0.191919,0.787879,store
1980,0.191919,0.797980,school
1981,0.191919,0.808081,store
1982,0.191919,0.818182,park
1983,0.191919,0.828283,hospital
1984,0.191919,0.838384,school
1985,0.191919,0.848485,cafe
1986,0.191919,0.858586,store
1987,0.191919,0.868687,restaurant
1988,0.191919,0.878788,cafe
1989,0.191919,0.888889,park
1990,0.191919,0.898990,cafe
1991,0.191919,0.909091,restaurant
1992,0.191919,0.919192,park
1993,0.191919,0.929293,bank
1994,0.191919,0.939394,park
1995,0.191919,0.949495,school
1996,0.191919,0.959596,school
1997,0.191919,0.969697,park
1998,0.191919,0.979798,hospital
1999,0.191919,0.989899,store
2000,0.191919,1.000000,cafe
2001,0.202020,0.000000,bank
2002,0.202020,0.010101,park
2003,0.202020,0.020202,hospital
2004,0.202020,0.030303,park
2005,0.202020,0.040404,cafe
2006,0.202020,0.050505,pharmacy
2007,0.202020,0.060606,cafe
2008,0.202020,0.070707,park
2009,0.202020,0.080808,bank
2010,0.202020,0.090909,cafe
2011,0.202020,0.101010,hospital
2012,0.202020,0.111111,bank
2013,0.202020,0.121212,bank
2014,0.202020,0.131313,pharmacy
2015,0.202020,0.141414,store
2016,0.202020,0.151515,cafe
2017,0.202020,0.161616,park
2018,0.202020,0.171717,school
2019,0.202020,0.181818,hospital
2020,0.202020,0.191919,store
2021,0.202020,0.202020,school
2022,0.202020,0.212121,park
2023,0.202020,0.222222,store
2024,0.202020,0.232323,pharmacy
2025,0.202020,0.242424,park
2026,0.202020,0.252525,restaurant
2027,0.202020,0.262626,school
2028,0.202020,0.272727,cafe
2029,0.202020,0.282828,park
2030,0.202020,0.292929,park
2031,0.202020,0.303030,restaurant
2032,0.202020,0.313131,store
2033,0.202020,0.323232,restaurant
2034,0.202020,0.333333,pharmacy
2035,0.202020,0.343434,bank
2036,0.202020,0.353535,store
2037,0.202020,0.363636,pharmacy
2038,0.202020,0.373737,pharmacy
2039,0.202020,0.383838,restaurant
2040,0.202020,0.393939,hospital
2041,0.202020,0.404040,bank
2042,0.202020,0.414141,cafe
2043,0.202020,0.424242,cafe
2044,0.202020,0.434343,hospital
2045,0.202020,0.444444,restaurant
2046,0.202020,0.454545,pharmacy
2047,0.202020,0.464646,pharmacy
2048,0.202020,0.474747,store
2049,0.202020,0.484848,school
2050,0.202020,0.494949,park
2051,0.202020,0.505051,bank
2052,0.202020,0.515152,hospital
2053,0.202020,0.525253,park
2054,0.202020,0.535354,park
2055,0.202020,0.545455,park
2056,0.202020,0.555556,bank
2057,0.202020,0.565657,hospital
2058,0.202020,0.575758,restaurant
2059,0.202020,0.585859,hospital
2060,0.202020,0.595960,school
2061,0.202020,0.606061,store
2062,0.202020,0.616162,park
2063,0.202020,0.626263,cafe
2064,0.202020,0.636364,pharmacy
2065,0.202020,0.646465,school
2066,0.202020,0.656566,cafe
2067,0.202020,0.666667,pharmacy
2068,0.202020,0.676768,store
2069,0.202020,0.686869,cafe
2070,0.202020,0.696970,restaurant
2071,0.202020,0.707071,restaurant
2072,0.202020,0.717172,park
2073,0.202020,0.727273,cafe
2074,0.202020,0.737374,school
2075,0.202020,0.747475,cafe
2076,0.202020,0.757576,restaurant
2077,0.202020,0.767677,restaurant
2078,0.202020,0.777778,bank
2079,0.202020,0.787879,bank
2080,0.202020,0.797980,park
2081,0.202020,0.808081,cafe
2082,0.202020,0.818182,restaurant
2083,0.202020,0.828283,pharmacy
2084,0.202020,0.838384,park
2085,0.202020,0.848485,pharmacy
2086,0.202020,0.858586,park
2087,0.202020,0.868687,pharmacy
2088,0.202020,0.878788,cafe
2089,0.202020,0.888889,cafe
2090,0.202020,0.898990,restaurant
2091,0.202020,0.909091,store
2092,0.202020,0.919192,park
2093,0.202020,0.929293,pharmacy
2094,0.202020,0.939394,school
2095,0.202020,0.949495,park
2096,0.202020,0.959596,park
2097,0.202020,0.969697,cafe
2098,0.202020,0.979798,cafe
2099,0.202020,0.989899,pharmacy
2100,0.202020,1.000000,school
2101,0.212121,0.000000,park
2102,0.212121,0.010101,bank
2103,0.212121,0.020202,store
2104,0.212121,0.030303,school
2105,0.212121,0.040404,bank
2106,0.212121,0.050505,cafe
2107,0.212121,0.060606,restaurant
2108,0.212121,0.070707,hospital
2109,0.212121,0.080808,school
2110,0.212121,0.090909,cafe
2111,0.212121,0.101010,bank
2112,0.212121,0.111111,restaurant
2113,0.212121,0.121212,park
2114,0.212121,0.131313,restaurant
2115,0.212121,0.141414,restaurant
2116,0.212121,0.151515,store
2117,0.212121,0.161616,restaurant
2118,0.212121,0.171717,cafe
2119,0.212121,0.181818,bank
2120,0.212121,0.191919,cafe
2121,0.212121,0.202020,bank
2122,0.212121,0.212121,school
2123,0.212121,0.222222,hospital
2124,0.212121,0.232323,pharmacy
2125,0.212121,0.242424,cafe
2126,0.212121,0.252525,restaurant
2127,0.212121,0.262626,store
2128,0.212121,0.272727,park
2129,0.212121,0.282828,pharmacy
2130,0.212121,0.292929,hospital
2131,0.212121,0.303030,school
2132,0.212121,0.313131,school
2133,0.212121,0.323232,store
2134,0.212121,0.333333,school
2135,0.212121,0.343434,bank
2136,0.212121,0.353535,restaurant
2137,0.212121,0.363636,school
2138,0.212121,0.373737,pharmacy
2139,0.212121,0.383838,store
2140,0.212121,0.393939,cafe
2141,0.212121,0.404040,restaurant
2142,0.212121,0.414141,park
2143,0.212121,0.424242,hospital
2144,0.212121,0.434343,bank
2145,0.212121,0.444444,bank
2146,0.212121,0.454545,store
2147,0.212121,0.464646,park
2148,0.212121,0.474747,hospital
2149,0.212121,0.484848,hospital
2150,0.212121,0.494949,hospital
2151,0.212121,0.505051,park
2152,0.212121,0.515152,school
2153,0.212121,0.525253,restaurant
2154,0.212121,0.535354,school
2155,0.212121,0.545455,bank
2156,0.212121,0.555556,hospital
2157,0.212121,0.565657,store
2158,0.212121,0.575758,restaurant
2159,0.212121,0.585859,cafe
2160,0.212121,0.595960,park
2161,0.212121,0.606061,restaurant
2162,0.212121,0.616162,cafe
2163,0.212121,0.626263,cafe
2164,0.212121,0.636364,store
2165,0.212121,0.646465,school
2166,0.212121,0.656566,hospital
2167,0.212121,0.666667,park
2168,0.212121,0.676768,school
2169,0.212121,0.686869,park
2170,0.212121,0.696970,school
2171,0.212121,0.707071,park
2172,0.212121,0.717172,school
2173,0.212121,0.727273,pharmacy
2174,0.212121,0.737374,pharmacy
2175,0.212121,0.747475,park
2176,0.212121,0.757576,bank
2177,0.212121,0.767677,school
2178,0.212121,0.777778,park
2179,0.212121,0.787879,store
2180,0.212121,0.797980,park
2181,0.212121,0.808081,bank
2182,0.212121,0.818182,restaurant
2183,0.212121,0.828283,hospital
2184,0.212121,0.838384,cafe
2185,0.212121,0.848485,park
2186,0.212121,0.858586,restaurant
2187,0.212121,0.868687,restaurant
2188,0.212121,0.878788,bank
2189,0.212121,0.888889,school
2190,0.212121,0.898990,school
2191,0.212121,0.909091,restaurant
2192,0.212121,0.919192,store
2193,0.212121,0.929293,cafe
2194,0.212121,0.939394,hospital
2195,0.212121,0.949495,hospital
2196,0.212121,0.959596,bank
2197,0.212121,0.969697,cafe
2198,0.212121,0.979798,school
2199,0.212121,0.989899,pharmacy
2200,0.212121,1.000000,restaurant
2201,0.222222,0.000000,park
2202,0.222222,0.010101,school
2203,0.222222,0.020202,pharmacy
2204,0.222222,0.030303,store
2205,0.222222,0.040404,restaurant
2206,0.222222,0.050505,bank
2207,0.222222,0.060606,restaurant
2208,0.222222,0.070707,restaurant
2209,0.222222,0.080808,cafe
2210,0.222222,0.090909,bank
2211,0.222222,0.101010,hospital
2212,0.222222,0.111111,restaurant
2213,0.222222,0.121212,restaurant
2214,0.222222,0.131313,school
2215,0.222222,0.141414,cafe
2216,0.222222,0.151515,cafe
2217,0.222222,0.161616,restaurant
2218,0.222222,0.171717,store
2219,0.222222,0.181818,school
2220,0.222222,0.191919,school
2221,0.222222,0.202020,store
2222,0.222222,0.212121,cafe
2223,0.222222,0.222222,store
2224,0.222222,0.232323,pharmacy
2225,0.222222,0.242424,hospital
2226,0.222222,0.252525,store
2227,0.222222,0.262626,pharmacy
2228,0.222222,0.272727,pharmacy
2229,0.222222,0.282828,bank
2230,0.222222,0.292929,bank
2231,0.222222,0.303030,store
2232,0.222222,0.313131,bank
2233,0.222222,0.323232,store
2234,0.222222,0.333333,hospital
2235,0.222222,0.343434,store
2236,0.222222,0.353535,cafe
2237,0.222222,0.363636,cafe
2238,0.222222,0.373737,pharmacy
2239,0.222222,0.383838,bank
2240,0.222222,0.393939,pharmacy
2241,0.222222,0.404040,cafe
2242,0.222222,0.414141,school
2243,0.222222,0.424242,hospital
2244,0.222222,0.434343,bank
2245,0.222222,0.444444,hospital
2246,0.222222,0.454545,pharmacy
2247,0.222222,0.464646,cafe
2248,0.222222,0.474747,cafe
2249,0.222222,0.484848,restaurant
2250,0.222222,0.494949,cafe
2251,0.222222,0.505051,school
2252,0.222222,0.515152,park
2253,0.222222,0.525253,pharmacy
2254,0.222222,0.535354,school
2255,0.222222,0.545455,bank
2256,0.222222,0.555556,park
2257,0.222222,0.565657,store
2258,0.222222,0.575758,bank
2259,0.222222,0.585859,park
2260,0.222222,0.595960,bank
2261,0.222222,0.606061,store
2262,0.222222,0.616162,school
2263,0.222222,0.626263,hospital
2264,0.222222,0.636364,school
2265,0.222222,0.646465,pharmacy
2266,0.222222,0.656566,school
2267,0.222222,0.666667,hospital
2268,0.222222,0.676768,pharmacy
2269,0.222222,0.686869,cafe
2270,0.222222,0.696970,hospital
2271,0.222222,0.707071,pharmacy
2272,0.222222,0.717172,hospital
2273,0.222222,0.727273,store
2274,0.222222,0.737374,cafe
2275,0.222222,0.747475,store
2276,0.222222,0.757576,park
2277,0.222222,0.767677,store
2278,0.222222,0.777778,bank
2279,0.222222,0.787879,school
2280,0.222222,0.797980,park
2281,0.222222,0.808081,restaurant
2282,0.222222,0.818182,cafe
2283,0.222222,0.828283,hospital
2284,0.222222,0.838384,store
2285,0.222222,0.848485,hospital
2286,0.222222,0.858586,pharmacy
2287,0.222222,0.868687,pharmacy
2288,0.222222,0.878788,park
2289,0.222222,0.888889,bank
2290,0.222222,0.898990,hospital
2291,0.222222,0.909091,restaurant
2292,0.222222,0.919192,restaurant
2293,0.222222,0.929293,restaurant
2294,0.222222,0.939394,park
2295,0.222222,0.949495,park
2296,0.222222,0.959596,store
2297,0.222222,0.969697,bank
2298,0.222222,0.979798,cafe
2299,0.222222,0.989899,school
2300,0.222222,1.000000,hospital
2301,0.232323,0.000000,pharmacy
2302,0.232323,0.010101,school
2303,0.232323,0.020202,bank
2304,0.232323,0.030303,hospital
2305,0.232323,0.040404,school
2306,0.232323,0.050505,bank
2307,0.232323,0.060606,restaurant
2308,0.232323,0.070707,restaurant
2309,0.232323,0.080808,store
2310,0.232323,0.090909,restaurant
2311,0.232323,0.101010,pharmacy
2312,0.232323,0.111111,store
2313,0.232323,0.121212,restaurant
2314,0.232323,0.131313,bank
2315,0.232323,0.141414,cafe
2316,0.232323,0.151515,bank
2317,0.232323,0.161616,store
2318,0.232323,0.171717,school
2319,0.232323,0.181818,school
2320,0.232323,0.191919,cafe
2321,0.232323,0.202020,hospital
2322,0.232323,0.212121,bank
2323,0.232323,0.222222,cafe
2324,0.232323,0.232323,park
2325,0.232323,0.242424,hospital
2326,0.232323,0.252525,park
2327,0.232323,0.262626,cafe
2328,0.232323,0.272727,hospital
2329,0.232323,0.282828,store
2330,0.232323,0.292929,pharmacy
2331,0.232323,0.303030,park
2332,0.232323,0.313131,school
2333,0.232323,0.323232,bank
2334,0.232323,0.333333,school
2335,0.232323,0.343434,pharmacy
2336,0.232323,0.353535,store
2337,0.232323,0.363636,store
2338,0.232323,0.373737,restaurant
2339,0.232323,0.383838,school
2340,0.232323,0.393939,hospital
2341,0.232323,0.404040,hospital
2342,0.232323,0.414141,pharmacy
2343,0.232323,0.424242,cafe
2344,0.232323,0.434343,store
2345,0.232323,0.444444,cafe
2346,0.232323,0.454545,hospital
2347,0.232323,0.464646,school
2348,0.232323,0.474747,restaurant
2349,0.232323,0.484848,cafe
2350,0.232323,0.494949,restaurant
2351,0.232323,0.505051,hospital
2352,0.232323,0.515152,restaurant
2353,0.232323,0.525253,park
2354,0.232323,0.535354,hospital
2355,0.232323,0.545455,store
2356,0.232323,0.555556,restaurant
2357,0.232323,0.565657,cafe
2358,0.232323,0.575758,school
2359,0.232323,0.585859,hospital
2360,0.232323,0.595960,park
2361,0.232323,0.606061,cafe
2362,0.232323,0.616162,restaurant
2363,0.232323,0.626263,pharmacy
2364,0.232323,0.636364,store
2365,0.232323,0.646465,hospital
2366,0.232323,0.656566,store
2367,0.232323,0.666667,school
2368,0.232323,0.676768,school
2369,0.232323,0.686869,pharmacy
2370,0.232323,0.696970,park
2371,0.232323,0.707071,bank
2372,0.232323,0.717172,pharmacy
2373,0.232323,0.727273,store
2374,0.232323,0.737374,pharmacy
2375,0.232323,0.747475,school
2376,0.232323,0.757576,bank
2377,0.232323,0.767677,park
2378,0.232323,0.777778,restaurant
2379,0.232323,0.787879,school
2380,0.232323,0.797980,restaurant
2381,0.232323,0.808081,store
2382,0.232323,0.818182,pharmacy
2383,0.232323,0.828283,bank
2384,0.232323,0.838384,school
2385,0.232323,0.848485,school
2386,0.232323,0.858586,pharmacy
2387,0.232323,0.868687,pharmacy
2388,0.232323,0.878788,hospital
2389,0.232323,0.888889,hospital
2390,0.232323,0.898990,store
2391,0.232323,0.909091,restaurant
2392,0.232323,0.919192,bank
2393,0.232323,0.929293,restaurant
2394,0.232323,0.939394,bank
2395,0.232323,0.949495,park
2396,0.232323,0.959596,pharmacy
2397,0.232323,0.969697,school
2398,0.232323,0.979798,school
2399,0.232323,0.989899,pharmacy
2400,0.232323,1.000000,bank
2401,0.242424,0.000000,bank
2402,0.242424,0.010101,school
2403,0.242424,0.020202,pharmacy
2404,0.242424,0.030303,bank
2405,0.242424,0.040404,hospital
2406,0.242424,0.050505,store
2407,0.242424,0.060606,bank
2408,0.242424,0.070707,restaurant
2409,0.242424,0.080808,bank
2410,0.242424,0.090909,park
2411,0.242424,0.101010,park
2412,0.242424,0.111111,bank
2413,0.242424,0.121212,bank
2414,0.242424,0.131313,park
2415,0.242424,0.141414,school
2416,0.242424,0.151515,cafe
2417,0.242424,0.161616,store
2418,0.242424,0.171717,pharmacy
2419,0.242424,0.181818,school
2420,0.242424,0.191919,cafe
2421,0.242424,0.202020,bank
2422,0.242424,0.212121,school
2423,0.242424,0.222222,restaurant
2424,0.242424,0.232323,bank
2425,0.242424,0.242424,restaurant
2426,0.242424,0.252525,cafe
2427,0.242424,0.262626,store
2428,0.242424,0.272727,school
2429,0.242424,0.282828,hospital
2430,0.242424,0.292929,store
2431,0.242424,0.303030,school
2432,0.242424,0.313131,pharmacy
2433,0.242424,0.323232,restaurant
2434,0.242424,0.333333,park
2435,0.242424,0.343434,hospital
2436,0.242424,0.353535,bank
2437,0.242424,0.363636,pharmacy
2438,0.242424,0.373737,hospital
2439,0.242424,0.383838,bank
2440,0.242424,0.393939,cafe
2441,0.242424,0.404040,school
2442,0.242424,0.414141,park
2443,0.242424,0.424242,park
2444,0.242424,0.434343,hospital
2445,0.242424,0.444444,store
2446,0.242424,0.454545,park
2447,0.242424,0.464646,store
2448,0.242424,0.474747,bank
2449,0.242424,0.484848,restaurant
2450,0.242424,0.494949,hospital
2451,0.242424,0.505051,restaurant
2452,0.242424,0.515152,restaurant
2453,0.242424,0.525253,cafe
2454,0.242424,0.535354,park
2455,0.242424,0.545455,store
2456,0.242424,0.555556,pharmacy
2457,0.242424,0.565657,bank
2458,0.242424,0.575758,bank
2459,0.242424,0.585859,cafe
2460,0.242424,0.595960,restaurant
2461,0.242424,0.606061,restaurant
2462,0.242424,0.616162,hospital
2463,0.242424,0.626263,school
2464,0.242424,0.636364,cafe
2465,0.242424,0.646465,pharmacy
2466,0.242424,0.656566,pharmacy
2467,0.242424,0.666667,school
2468,0.242424,0.676768,store
2469,0.242424,0.686869,cafe
2470,0.242424,0.696970,hospital
2471,0.242424,0.707071,school
2472,0.242424,0.717172,pharmacy
2473,0.242424,0.727273,pharmacy
2474,0.242424,0.737374,store
2475,0.242424,0.747475,hospital
2476,0.242424,0.757576,pharmacy
2477,0.242424,0.767677,cafe
2478,0.242424,0.777778,hospital
2479,0.242424,0.787879,hospital
2480,0.242424,0.797980,pharmacy
2481,0.242424,0.808081,bank
2482,0.242424,0.818182,park
2483,0.242424,0.828283,park
2484,0.242424,0.838384,park
2485,0.242424,0.848485,bank
2486,0.242424,0.858586,pharmacy
2487,0.242424,0.868687,park
2488,0.242424,0.878788,store
2489,0.242424,0.888889,cafe
2490,0.242424,0.898990,hospital
2491,0.242424,0.909091,hospital
2492,0.242424,0.919192,pharmacy
2493,0.242424,0.929293,store
2494,0.242424,0.939394,bank
2495,0.242424,0.949495,cafe
2496,0.242424,0.959596,bank
2497,0.242424,0.969697,school
2498,0.242424,0.979798,bank
2499,0.242424,0.989899,store
2500,0.242424,1.000000,bank
2501,0.252525,0.000000,school
2502,0.252525,0.010101,cafe
2503,0.252525,0.020202,pharmacy
2504,0.252525,0.030303,restaurant
2505,0.252525,0.040404,bank
2506,0.252525,0.050505,restaurant
2507,0.252525,0.060606,park
2508,0.252525,0.070707,cafe
2509,0.252525,0.080808,restaurant
2510,0.252525,0.090909,park
2511,0.252525,0.101010,school
2512,0.252525,0.111111,school
2513,0.252525,0.121212,hospital
2514,0.252525,0.131313,restaurant
2515,0.252525,0.141414,cafe
2516,0.252525,0.151515,pharmacy
2517,0.252525,0.161616,bank
2518,0.252525,0.171717,park
2519,0.252525,0.181818,store
2520,0.252525,0.191919,school
2521,0.252525,0.202020,cafe
2522,0.252525,0.212121,pharmacy
2523,0.252525,0.222222,hospital
2524,0.252525,0.232323,bank
2525,0.252525,0.242424,hospital
2526,0.252525,0.252525,cafe
2527,0.252525,0.262626,bank
2528,0.252525,0.272727,hospital
2529,0.252525,0.282828,restaurant
2530,0.252525,0.292929,store
2531,0.252525,0.303030,school
2532,0.252525,0.313131,store
2533,0.252525,0.323232,cafe
2534,0.252525,0.333333,pharmacy
2535,0.252525,0.343434,hospital
2536,0.252525,0.353535,bank
2537,0.252525,0.363636,hospital
2538,0.252525,0.373737,store
2539,0.252525,0.383838,restaurant
2540,0.252525,0.393939,restaurant
2541,0.252525,0.404040,hospital
2542,0.252525,0.414141,store
2543,0.252525,0.424242,pharmacy
2544,0.252525,0.434343,bank
2545,0.252525,0.444444,hospital
2546,0.252525,0.454545,hospital
2547,0.252525,0.464646,school
2548,0.252525,0.474747,school
2549,0.252525,0.484848,hospital
2550,0.252525,0.494949,bank
2551,0.252525,0.505051,pharmacy
2552,0.252525,0.515152,park
2553,0.252525,0.525253,hospital
2554,0.252525,0.535354,cafe
2555,0.252525,0.545455,cafe
2556,0.252525,0.555556,school
2557,0.252525,0.565657,pharmacy
2558,0.252525,0.575758,hospital
2559,0.252525,0.585859,school
2560,0.252525,0.595960,school
2561,0.252525,0.606061,pharmacy
2562,0.252525,0.616162,pharmacy
2563,0.252525,0.626263,cafe
2564,0.252525,0.636364,cafe
2565,0.252525,0.646465,restaurant
2566,0.252525,0.656566,store
2567,0.252525,0.666667,cafe
2568,0.252525,0.676768,cafe
2569,0.252525,0.686869,hospital
2570,0.252525,0.696970,cafe
2571,0.252525,0.707071,restaurant
2572,0.252525,0.717172,pharmacy
2573,0.252525,0.727273,cafe
2574,0.252525,0.737374,store
2575,0.252525,0.747475,park
2576,0.252525,0.757576,park
2577,0.252525,0.767677,store
2578,0.252525,0.777778,pharmacy
2579,0.252525,0.787879,pharmacy
2580,0.252525,0.797980,park
2581,0.252525,0.808081,bank
2582,0.252525,0.818182,hospital
2583,0.252525,0.828283,school
2584,0.252525,0.838384,school
2585,0.252525,0.848485,restaurant
2586,0.252525,0.858586,hospital
2587,0.252525,0.868687,restaurant
2588,0.252525,0.878788,pharmacy
2589,0.252525,0.888889,cafe
2590,0.252525,0.898990,cafe
2591,0.252525,0.909091,bank
2592,0.252525,0.919192,store
2593,0.252525,0.929293,pharmacy
2594,0.252525,0.939394,park
2595,0.252525,0.949495,pharmacy
2596,0.252525,0.959596,school
2597,0.252525,0.969697,park
2598,0.252525,0.979798,pharmacy
2599,0.252525,0.989899,hospital
2600,0.252525,1.000000,bank
2601,0.262626,0.000000,hospital
2602,0.262626,0.010101,restaurant
2603,0.262626,0.020202,bank
2604,0.262626,0.030303,bank
2605,0.262626,0.040404,hospital
2606,0.262626,0.050505,pharmacy
2607,0.262626,0.060606,store
2608,0.262626,0.070707,school
2609,0.262626,0.080808,store
2610,0.262626,0.090909,store
2611,0.262626,0.101010,restaurant
2612,0.262626,0.111111,pharmacy
2613,0.262626,0.121212,restaurant
2614,0.262626,0.131313,pharmacy
2615,0.262626,0.141414,bank
2616,0.262626,0.151515,hospital
2617,0.262626,0.161616,bank
2618,0.262626,0.171717,bank
2619,0.262626,0.181818,pharmacy
2620,0.262626,0.191919,hospital
2621,0.262626,0.202020,pharmacy
2622,0.262626,0.212121,pharmacy
2623,0.262626,0.222222,bank
2624,0.262626,0.232323,restaurant
2625,0.262626,0.242424,store
2626,0.262626,0.252525,hospital
2627,0.262626,0.262626,restaurant
2628,0.262626,0.272727,cafe
2629,0.262626,0.282828,park
2630,0.262626,0.292929,hospital
2631,0.262626,0.303030,cafe
2632,0.262626,0.313131,bank
2633,0.262626,0.323232,store
2634,0.262626,0.333333,pharmacy
2635,0.262626,0.343434,bank
2636,0.262626,0.353535,restaurant
2637,0.262626,0.363636,hospital
2638,0.262626,0.373737,school
2639,0.262626,0.383838,bank
2640,0.262626,0.393939,restaurant
2641,0.262626,0.404040,hospital
2642,0.262626,0.414141,hospital
2643,0.262626,0.424242,store
2644,0.262626,0.434343,park
2645,0.262626,0.444444,cafe
2646,0.262626,0.454545,park
2647,0.262626,0.464646,park
2648,0.262626,0.474747,store
2649,0.262626,0.484848,hospital
2650,0.262626,0.494949,bank
2651,0.262626,0.505051,school
2652,0.262626,0.515152,restaurant
2653,0.262626,0.525253,park
2654,0.262626,0.535354,bank
2655,0.262626,0.545455,restaurant
2656,0.262626,0.555556,school
2657,0.262626,0.565657,restaurant
2658,0.262626,0.575758,school
2659,0.262626,0.585859,cafe
2660,0.262626,0.595960,store
2661,0.262626,0.606061,hospital
2662,0.262626,0.616162,park
2663,0.262626,0.626263,store
2664,0.262626,0.636364,store
2665,0.262626,0.646465,bank
2666,0.262626,0.656566,restaurant
2667,0.262626,0.666667,bank
2668,0.262626,0.676768,park
2669,0.262626,0.686869,bank
2670,0.262626,0.696970,bank
2671,0.262626,0.707071,pharmacy
2672,0.262626,0.717172,cafe
2673,0.262626,0.727273,bank
2674,0.262626,0.737374,hospital
2675,0.262626,0.747475,pharmacy
2676,0.262626,0.757576,cafe
2677,0.262626,0.767677,park
2678,0.262626,0.777778,cafe
2679,0.262626,0.787879,pharmacy
2680,0.262626,0.797980,cafe
2681,0.262626,0.808081,restaurant
2682,0.262626,0.818182,restaurant
2683,0.262626,0.828283,school
2684,0.262626,0.838384,restaurant
2685,0.262626,0.848485,pharmacy
2686,0.262626,0.858586,park
2687,0.262626,0.868687,park
2688,0.262626,0.878788,park
2689,0.262626,0.888889,restaurant
2690,0.262626,0.898990,school
2691,0.262626,0.909091,bank
2692,0.262626,0.919192,bank
2693,0.262626,0.929293,bank
2694,0.262626,0.939394,cafe
2695,0.262626,0.949495,hospital
2696,0.262626,0.959596,bank
2697,0.262626,0.969697,cafe
2698,0.262626,0.979798,hospital
2699,0.262626,0.989899,bank
2700,0.262626,1.000000,cafe
2701,0.272727,0.000000,pharmacy
2702,0.272727,0.010101,school
2703,0.272727,0.020202,pharmacy
2704,0.272727,0.030303,hospital
2705,0.272727,0.040404,park
2706,0.272727,0.050505,restaurant
2707,0.272727,0.060606,restaurant
2708,0.272727,0.070707,pharmacy
2709,0.272727,0.080808,bank
2710,0.272727,0.090909,cafe
2711,0.272727,0.101010,restaurant
2712,0.272727,0.111111,park
2713,0.272727,0.121212,store
2714,0.272727,0.131313,hospital
2715,0.272727,0.141414,school
2716,0.272727,0.151515,pharmacy
2717,0.272727,0.161616,restaurant
2718,0.272727,0.171717,store
2719,0.272727,0.181818,park
2720,0.272727,0.191919,store
2721,0.272727,0.202020,park
2722,0.272727,0.212121,store
2723,0.272727,0.222222,pharmacy
2724,0.272727,0.232323,restaurant
2725,0.272727,0.242424,bank
2726,0.272727,0.252525,cafe
2727,0.272727,0.262626,restaurant
2728,0.272727,0.272727,hospital
2729,0.272727,0.282828,park
2730,0.272727,0.292929,school
2731,0.272727,0.303030,park
2732,0.272727,0.313131,school
2733,0.272727,0.323232,store
2734,0.272727,0.333333,pharmacy
2735,0.272727,0.343434,school
2736,0.272727,0.353535,park
2737,0.272727,0.363636,hospital
2738,0.272727,0.373737,cafe
2739,0.272727,0.383838,park
2740,0.272727,0.393939,pharmacy
2741,0.272727,0.404040,park
2742,0.272727,0.414141,school
2743,0.272727,0.424242,restaurant
2744,0.272727,0.434343,cafe
2745,0.272727,0.444444,cafe
2746,0.272727,0.454545,hospital
2747,0.272727,0.464646,hospital
2748,0.272727,0.474747,hospital
2749,0.272727,0.484848,cafe
2750,0.272727,0.494949,bank
2751,0.272727,0.505051,cafe
2752,0.272727,0.515152,pharmacy
2753,0.272727,0.525253,hospital
2754,0.272727,0.535354,bank
2755,0.272727,0.545455,pharmacy
2756,0.272727,0.555556,school
2757,0.272727,0.565657,pharmacy
2758,0.272727,0.575758,restaurant
2759,0.272727,0.585859,park
2760,0.272727,0.595960,bank
2761,0.272727,0.606061,bank
2762,0.272727,0.616162,hospital
2763,0.272727,0.626263,store
2764,0.272727,0.636364,pharmacy
2765,0.272727,0.646465,cafe
2766,0.272727,0.656566,restaurant
2767,0.272727,0.666667,bank
2768,0.272727,0.676768,restaurant
2769,0.272727,0.686869,park
2770,0.272727,0.696970,pharmacy
2771,0.272727,0.707071,cafe
2772,0.272727,0.717172,cafe
2773,0.272727,0.727273,pharmacy
2774,0.272727,0.737374,restaurant
2775,0.272727,0.747475,pharmacy
2776,0.272727,0.757576,school
2777,0.272727,0.767677,park
2778,0.272727,0.777778,school
2779,0.272727,0.787879,pharmacy
2780,0.272727,0.797980,school
2781,0.272727,0.808081,cafe
2782,0.272727,0.818182,cafe
2783,0.272727,0.828283,pharmacy
2784,0.272727,0.838384,pharmacy
2785,0.272727,0.848485,bank
2786,0.272727,0.858586,bank
2787,0.272727,0.868687,restaurant
2788,0.272727,0.878788,park
2789,0.272727,0.888889,cafe
2790,0.272727,0.898990,park
2791,0.272727,0.909091,school
2792,0.272727,0.919192,cafe
2793,0.272727,0.929293,school
2794,0.272727,0.939394,school
2795,0.272727,0.949495,park
2796,0.272727,0.959596,pharmacy
2797,0.272727,0.969697,park
2798,0.272727,0.979798,cafe
2799,0.272727,0.989899,school
2800,0.272727,1.000000,restaurant
2801,0.282828,0.000000,park
2802,0.282828,0.010101,restaurant
2803,0.282828,0.020202,restaurant
2804,0.282828,0.030303,restaurant
2805,0.282828,0.040404,store
2806,0.282828,0.050505,pharmacy
2807,0.282828,0.060606,school
2808,0.282828,0.070707,school
2809,0.282828,0.080808,cafe
2810,0.282828,0.090909,pharmacy
2811,0.282828,0.101010,bank
2812,0.282828,0.111111,pharmacy
2813,0.282828,0.121212,hospital
2814,0.282828,0.131313,bank
2815,0.282828,0.141414,hospital
2816,0.282828,0.151515,pharmacy
2817,0.282828,0.161616,bank
2818,0.282828,0.171717,store
2819,0.282828,0.181818,school
2820,0.282828,0.191919,bank
2821,0.282828,0.202020,park
2822,0.282828,0.212121,hospital
2823,0.282828,0.222222,park
2824,0.282828,0.232323,hospital
2825,0.282828,0.242424,bank
2826,0.282828,0.252525,cafe
2827,0.282828,0.262626,pharmacy
2828,0.282828,0.272727,bank
2829,0.282828,0.282828,school
2830,0.282828,0.292929,school
2831,0.282828,0.303030,cafe
2832,0.282828,0.313131,school
2833,0.282828,0.323232,pharmacy
2834,0.282828,0.333333,hospital
2835,0.282828,0.343434,bank
2836,0.282828,0.353535,park
2837,0.282828,0.363636,park
2838,0.282828,0.373737,bank
2839,0.282828,0.383838,park
2840,0.282828,0.393939,park
2841,0.282828,0.404040,restaurant
2842,0.282828,0.414141,cafe
2843,0.282828,0.424242,restaurant
2844,0.282828,0.434343,school
2845,0.282828,0.444444,bank
2846,0.282828,0.454545,store
2847,0.282828,0.464646,hospital
2848,0.282828,0.474747,school
2849,0.282828,0.484848,school
2850,0.282828,0.494949,park
2851,0.282828,0.505051,hospital
2852,0.282828,0.515152,park
2853,0.282828,0.525253,pharmacy
2854,0.282828,0.535354,school
2855,0.282828,0.545455,park
2856,0.282828,0.555556,bank
2857,0.282828,0.565657,restaurant
2858,0.282828,0.575758,store
2859,0.282828,0.585859,school
2860,0.282828,0.595960,hospital
2861,0.282828,0.606061,school
2862,0.282828,0.616162,bank
2863,0.282828,0.626263,hospital
2864,0.282828,0.636364,school
2865,0.282828,0.646465,pharmacy
2866,0.282828,0.656566,school
2867,0.282828,0.666667,store
2868,0.282828,0.676768,restaurant
2869,0.282828,0.686869,restaurant
2870,0.282828,0.696970,store
2871,0.282828,0.707071,bank
2872,0.282828,0.717172,restaurant
2873,0.282828,0.727273,hospital
2874,0.282828,0.737374,restaurant
2875,0.282828,0.747475,school
2876,0.282828,0.757576,school
2877,0.282828,0.767677,park
2878,0.282828,0.777778,store
2879,0.282828,0.787879,restaurant
2880,0.282828,0.797980,pharmacy
2881,0.282828,0.808081,bank
2882,0.282828,0.818182,pharmacy
2883,0.282828,0.828283,park
2884,0.282828,0.838384,pharmacy
2885,0.282828,0.848485,store
2886,0.282828,0.858586,park
2887,0.282828,0.868687,store
2888,0.282828,0.878788,bank
2889,0.282828,0.888889,restaurant
2890,0.282828,0.898990,school
2891,0.282828,0.909091,store
2892,0.282828,0.919192,park
2893,0.282828,0.929293,restaurant
2894,0.282828,0.939394,cafe
2895,0.282828,0.949495,bank
2896,0.282828,0.959596,cafe
2897,0.282828,0.969697,cafe
2898,0.282828,0.979798,hospital
2899,0.282828,0.989899,park
2900,0.282828,1.000000,store
2901,0.292929,0.000000,restaurant
2902,0.292929,0.010101,bank
2903,0.292929,0.020202,hospital
2904,0.292929,0.030303,hospital
2905,0.292929,0.040404,pharmacy
2906,0.292929,0.050505,hospital
2907,0.292929,0.060606,pharmacy
2908,0.292929,0.070707,cafe
2909,0.292929,0.080808,store
2910,0.292929,0.090909,school
2911,0.292929,0.101010,store
2912,0.292929,0.111111,restaurant
2913,0.292929,0.121212,hospital
2914,0.292929,0.131313,store
2915,0.292929,0.141414,hospital
2916,0.292929,0.151515,hospital
2917,0.292929,0.161616,restaurant
2918,0.292929,0.171717,bank
2919,0.292929,0.181818,hospital
2920,0.292929,0.191919,bank
2921,0.292929,0.202020,pharmacy
2922,0.292929,0.212121,cafe
2923,0.292929,0.222222,hospital
2924,0.292929,0.232323,cafe
2925,0.292929,0.242424,school
2926,0.292929,0.252525,school
2927,0.292929,0.262626,hospital
2928,0.292929,0.272727,school
2929,0.292929,0.282828,restaurant
2930,0.292929,0.292929,pharmacy
2931,0.292929,0.303030,store
2932,0.292929,0.313131,hospital
2933,0.292929,0.323232,cafe
2934,0.292929,0.333333,restaurant
2935,0.292929,0.343434,hospital
2936,0.292929,0.353535,park
2937,0.292929,0.363636,store
2938,0.292929,0.373737,pharmacy
2939,0.292929,0.383838,park
2940,0.292929,0.393939,school
2941,0.292929,0.404040,cafe
2942,0.292929,0.414141,cafe
2943,0.292929,0.424242,cafe
2944,0.292929,0.434343,pharmacy
2945,0.292929,0.444444,pharmacy
2946,0.292929,0.454545,pharmacy
2947,0.292929,0.464646,cafe
2948,0.292929,0.474747,pharmacy
2949,0.292929,0.484848,cafe
2950,0.292929,0.494949,school
2951,0.292929,0.505051,bank
2952,0.292929,0.515152,pharmacy
2953,0.292929,0.525253,park
2954,0.292929,0.535354,pharmacy
2955,0.292929,0.545455,restaurant
2956,0.292929,0.555556,park
2957,0.292929,0.565657,hospital
2958,0.292929,0.575758,park
2959,0.292929,0.585859,pharmacy
2960,0.292929,0.595960,store
2961,0.292929,0.606061,school
2962,0.292929,0.616162,store
2963,0.292929,0.626263,pharmacy
2964,0.292929,0.636364,park
2965,0.292929,0.646465,bank
2966,0.292929,0.656566,park
2967,0.292929,0.666667,restaurant
2968,0.292929,0.676768,restaurant
2969,0.292929,0.686869,hospital
2970,0.292929,0.696970,pharmacy
2971,0.292929,0.707071,store
2972,0.292929,0.717172,hospital
2973,0.292929,0.727273,restaurant
2974,0.292929,0.737374,hospital
2975,0.292929,0.747475,cafe
2976,0.292929,0.757576,cafe
2977,0.292929,0.767677,park
2978,0.292929,0.777778,store
2979,0.292929,0.787879,pharmacy
2980,0.292929,0.797980,park
2981,0.292929,0.808081,hospital
2982,0.292929,0.818182,park
2983,0.292929,0.828283,pharmacy
2984,0.292929,0.838384,bank
2985,0.292929,0.848485,school
2986,0.292929,0.858586,hospital
2987,0.292929,0.868687,hospital
2988,0.292929,0.878788,hospital
2989,0.292929,0.888889,pharmacy
2990,0.292929,0.898990,park
2991,0.292929,0.909091,pharmacy
2992,0.292929,0.919192,pharmacy
2993,0.292929,0.929293,store
2994,0.292929,0.939394,restaurant
2995,0.292929,0.949495,restaurant
2996,0.292929,0.959596,cafe
2997,0.292929,0.969697,store
2998,0.292929,0.979798,restaurant
2999,0.292929,0.989899,restaurant
3000,0.292929,1.000000,school
3001,0.303030,0.000000,restaurant
3002,0.303030,0.010101,park
3003,0.303030,0.020202,bank
3004,0.303030,0.030303,park
3005,0.303030,0.040404,bank
3006,0.303030,0.050505,school
3007,0.303030,0.060606,store
3008,0.303030,0.070707,school
3009,0.303030,0.080808,store
3010,0.303030,0.090909,hospital
3011,0.303030,0.101010,park
3012,0.303030,0.111111,pharmacy
3013,0.303030,0.121212,park
3014,0.303030,0.131313,bank
3015,0.303030,0.141414,bank
3016,0.303030,0.151515,school
3017,0.303030,0.161616,park
3018,0.303030,0.171717,hospital
3019,0.303030,0.181818,school
3020,0.303030,0.191919,pharmacy
3021,0.303030,0.202020,hospital
3022,0.303030,0.212121,restaurant
3023,0.303030,0.222222,cafe
3024,0.303030,0.232323,restaurant
3025,0.303030,0.242424,pharmacy
3026,0.303030,0.252525,restaurant
3027,0.303030,0.262626,park
3028,0.303030,0.272727,park
3029,0.303030,0.282828,pharmacy
3030,0.303030,0.292929,restaurant
3031,0.303030,0.303030,hospital
3032,0.303030,0.313131,pharmacy
3033,0.303030,0.323232,hospital
3034,0.303030,0.333333,store
3035,0.303030,0.343434,park
3036,0.303030,0.353535,park
3037,0.303030,0.363636,bank
3038,0.303030,0.373737,store
3039,0.303030,0.383838,cafe
3040,0.303030,0.393939,cafe
3041,0.303030,0.404040,hospital
3042,0.303030,0.414141,restaurant
3043,0.303030,0.424242,park
3044,0.303030,0.434343,pharmacy
3045,0.303030,0.444444,pharmacy
3046,0.303030,0.454545,hospital
3047,0.303030,0.464646,park
3048,0.303030,0.474747,park
3049,0.303030,0.484848,pharmacy
3050,0.303030,0.494949,cafe
3051,0.303030,0.505051,bank
3052,0.303030,0.515152,school
3053,0.303030,0.525253,hospital
3054,0.303030,0.535354,bank
3055,0.303030,0.545455,store
3056,0.303030,0.555556,school
3057,0.303030,0.565657,store
3058,0.303030,0.575758,cafe
3059,0.303030,0.585859,bank
3060,0.303030,0.595960,school
3061,0.303030,0.606061,restaurant
3062,0.303030,0.616162,pharmacy
3063,0.303030,0.626263,store
3064,0.303030,0.636364,pharmacy
3065,0.303030,0.646465,hospital
3066,0.303030,0.656566,cafe
3067,0.303030,0.666667,hospital
3068,0.303030,0.676768,park
3069,0.303030,0.686869,store
3070,0.303030,0.696970,pharmacy
3071,0.303030,0.707071,bank
3072,0.303030,0.717172,park
3073,0.303030,0.727273,store
3074,0.303030,0.737374,cafe
3075,0.303030,0.747475,pharmacy
3076,0.303030,0.757576,hospital
3077,0.303030,0.767677,bank
3078,0.303030,0.777778,store
3079,0.303030,0.787879,park
3080,0.303030,0.797980,hospital
3081,0.303030,0.808081,restaurant
3082,0.303030,0.818182,pharmacy
3083,0.303030,0.828283,restaurant
3084,0.303030,0.838384,park
3085,0.303030,0.848485,pharmacy
3086,0.303030,0.858586,store
3087,0.303030,0.868687,restaurant
3088,0.303030,0.878788,restaurant
3089,0.303030,0.888889,park
3090,0.303030,0.898990,school
3091,0.303030,0.909091,restaurant
3092,0.303030,0.919192,school
3093,0.303030,0.929293,school
3094,0.303030,0.939394,restaurant
3095,0.303030,0.949495,restaurant
3096,0.303030,0.959596,cafe
3097,0.303030,0.969697,store
3098,0.303030,0.979798,store
3099,0.303030,0.989899,store
3100,0.303030,1.000000,store
3101,0.313131,0.000000,school
3102,0.313131,0.010101,bank
3103,0.313131,0.020202,school
3104,0.313131,0.030303,store
3105,0.313131,0.040404,hospital
3106,0.313131,0.050505,bank
3107,0.313131,0.060606,store
3108,0.313131,0.070707,hospital
3109,0.313131,0.080808,pharmacy
3110,0.313131,0.090909,park
3111,0.313131,0.101010,cafe
3112,0.313131,0.111111,hospital
3113,0.313131,0.121212,cafe
3114,0.313131,0.131313,hospital
3115,0.313131,0.141414,bank
3116,0.313131,0.151515,restaurant
3117,0.313131,0.161616,school
3118,0.313131,0.171717,cafe
3119,0.313131,0.181818,store
3120,0.313131,0.191919,pharmacy
3121,0.313131,0.202020,hospital
3122,0.313131,0.212121,bank
3123,0.313131,0.222222,store
3124,0.313131,0.232323,school
3125,0.313131,0.242424,cafe
3126,0.313131,0.252525,cafe
3127,0.313131,0.262626,bank
3128,0.313131,0.272727,hospital
3129,0.313131,0.282828,bank
3130,0.313131,0.292929,cafe
3131,0.313131,0.303030,cafe
3132,0.313131,0.313131,store
3133,0.313131,0.323232,school
3134,0.313131,0.333333,cafe
3135,0.313131,0.343434,store
3136,0.313131,0.353535,bank
3137,0.313131,0.363636,hospital
3138,0.313131,0.373737,cafe
3139,0.313131,0.383838,hospital
3140,0.313131,0.393939,store
3141,0.313131,0.404040,cafe
3142,0.313131,0.414141,store
3143,0.313131,0.424242,restaurant
3144,0.313131,0.434343,school
3145,0.313131,0.444444,bank
3146,0.313131,0.454545,restaurant
3147,0.313131,0.464646,bank
3148,0.313131,0.474747,restaurant
3149,0.313131,0.484848,store
3150,0.313131,0.494949,restaurant
3151,0.313131,0.505051,bank
3152,0.313131,0.515152,restaurant
3153,0.313131,0.525253,pharmacy
3154,0.313131,0.535354,store
3155,0.313131,0.545455,park
3156,0.313131,0.555556,bank
3157,0.313131,0.565657,bank
3158,0.313131,0.575758,school
3159,0.313131,0.585859,park
3160,0.313131,0.595960,cafe
3161,0.313131,0.606061,cafe
3162,0.313131,0.616162,cafe
3163,0.313131,0.626263,hospital
3164,0.313131,0.636364,cafe
3165,0.313131,0.646465,restaurant
3166,0.313131,0.656566,cafe
3167,0.313131,0.666667,pharmacy
3168,0.313131,0.676768,store
3169,0.313131,0.686869,hospital
3170,0.313131,0.696970,bank
3171,0.313131,0.707071,cafe
3172,0.313131,0.717172,hospital
3173,0.313131,0.727273,park
3174,0.313131,0.737374,cafe
3175,0.313131,0.747475,bank
3176,0.313131,0.757576,hospital
3177,0.313131,0.767677,hospital
3178,0.313131,0.777778,restaurant
3179,0.313131,0.787879,restaurant
3180,0.313131,0.797980,school
3181,0.313131,0.808081,school
3182,0.313131,0.818182,hospital
3183,0.313131,0.828283,hospital
3184,0.313131,0.838384,park
3185,0.313131,0.848485,park
3186,0.313131,0.858586,bank
3187,0.313131,0.868687,pharmacy
3188,0.313131,0.878788,pharmacy
3189,0.313131,0.888889,bank
3190,0.313131,0.898990,store
3191,0.313131,0.909091,hospital
3192,0.313131,0.919192,restaurant
3193,0.313131,0.929293,school
3194,0.313131,0.939394,park
3195,0.313131,0.949495,restaurant
3196,0.313131,0.959596,pharmacy
3197,0.313131,0.969697,restaurant
3198,0.313131,0.979798,restaurant
3199,0.313131,0.989899,store
3200,0.313131,1.000000,bank
3201,0.323232,0.000000,restaurant
3202,0.323232,0.010101,bank
3203,0.323232,0.020202,hospital
3204,0.323232,0.030303,bank
3205,0.323232,0.040404,store
3206,0.323232,0.050505,restaurant
3207,0.323232,0.060606,school
3208,0.323232,0.070707,store
3209,0.323232,0.080808,cafe
3210,0.323232,0.090909,hospital
3211,0.323232,0.101010,bank
3212,0.323232,0.111111,pharmacy
3213,0.323232,0.121212,park
3214,0.323232,0.131313,school
3215,0.323232,0.141414,bank
3216,0.323232,0.151515,bank
3217,0.323232,0.161616,pharmacy
3218,0.323232,0.171717,cafe
3219,0.323232,0.181818,park
3220,0.323232,0.191919,pharmacy
3221,0.323232,0.202020,school
3222,0.323232,0.212121,store
3223,0.323232,0.222222,pharmacy
3224,0.323232,0.232323,restaurant
3225,0.323232,0.242424,hospital
3226,0.323232,0.252525,store
3227,0.323232,0.262626,pharmacy
3228,0.323232,0.272727,bank
3229,0.323232,0.282828,store
3230,0.323232,0.292929,park
3231,0.323232,0.303030,restaurant
3232,0.323232,0.313131,hospital
3233,0.323232,0.323232,hospital
3234,0.323232,0.333333,park
3235,0.323232,0.343434,pharmacy
3236,0.323232,0.353535,school
3237,0.323232,0.363636,hospital
3238,0.323232,0.373737,park
3239,0.323232,0.383838,restaurant
3240,0.323232,0.393939,store
3241,0.323232,0.404040,hospital
3242,0.323232,0.414141,park
3243,0.323232,0.424242,hospital
3244,0.323232,0.434343,pharmacy
3245,0.323232,0.444444,school
3246,0.323232,0.454545,park
3247,0.323232,0.464646,cafe
3248,0.323232,0.474747,store
3249,0.323232,0.484848,bank
3250,0.323232,0.494949,school
3251,0.323232,0.505051,cafe
3252,0.323232,0.515152,store
3253,0.323232,0.525253,school
3254,0.323232,0.535354,bank
3255,0.323232,0.545455,bank
3256,0.323232,0.555556,pharmacy
3257,0.323232,0.565657,bank
3258,0.323232,0.575758,hospital
3259,0.323232,0.585859,school
3260,0.323232,0.595960,hospital
3261,0.323232,0.606061,school
3262,0.323232,0.616162,park
3263,0.323232,0.626263,cafe
3264,0.323232,0.636364,restaurant
3265,0.323232,0.646465,store
3266,0.323232,0.656566,restaurant
3267,0.323232,0.666667,hospital
3268,0.323232,0.676768,hospital
3269,0.323232,0.686869,cafe
3270,0.323232,0.696970,cafe
3271,0.323232,0.707071,park
3272,0.323232,0.717172,park
3273,0.323232,0.727273,school
3274,0.323232,0.737374,cafe
3275,0.323232,0.747475,pharmacy
3276,0.323232,0.757576,bank
3277,0.323232,0.767677,cafe
3278,0.323232,0.777778,park
3279,0.323232,0.787879,pharmacy
3280,0.323232,0.797980,park
3281,0.323232,0.808081,school
3282,0.323232,0.818182,restaurant
3283,0.323232,0.828283,school
3284,0.323232,0.838384,pharmacy
3285,0.323232,0.848485,school
3286,0.323232,0.858586,pharmacy
3287,0.323232,0.868687,restaurant
3288,0.323232,0.878788,park
3289,0.323232,0.888889,restaurant
3290,0.323232,0.898990,park
3291,0.323232,0.909091,cafe
3292,0.323232,0.919192,school
3293,0.323232,0.929293,store
3294,0.323232,0.939394,bank
3295,0.323232,0.949495,pharmacy
3296,0.323232,0.959596,cafe
3297,0.323232,0.969697,bank
3298,0.323232,0.979798,bank
3299,0.323232,0.989899,restaurant
3300,0.323232,1.000000,restaurant
3301,0.333333,0.000000,park
3302,0.333333,0.010101,cafe
3303,0.333333,0.020202,pharmacy
3304,0.333333,0.030303,pharmacy
3305,0.333333,0.040404,pharmacy
3306,0.333333,0.050505,store
3307,0.333333,0.060606,park
3308,0.333333,0.070707,cafe
3309,0.333333,0.080808,cafe
3310,0.333333,0.090909,hospital
3311,0.333333,0.101010,bank
3312,0.333333,0.111111,park
3313,0.333333,0.121212,hospital
3314,0.333333,0.131313,school
3315,0.333333,0.141414,store
3316,0.333333,0.151515,restaurant
3317,0.333333,0.161616,restaurant
3318,0.333333,0.171717,park
3319,0.333333,0.181818,hospital
3320,0.333333,0.191919,hospital
3321,0.333333,0.202020,restaurant
3322,0.333333,0.212121,park
3323,0.333333,0.222222,store
3324,0.333333,0.232323,cafe
3325,0.333333,0.242424,store
3326,0.333333,0.252525,hospital
3327,0.333333,0.262626,school
3328,0.333333,0.272727,pharmacy
3329,0.333333,0.282828,hospital
3330,0.333333,0.292929,store
3331,0.333333,0.303030,park
3332,0.333333,0.313131,bank
3333,0.333333,0.323232,restaurant
3334,0.333333,0.333333,park
3335,0.333333,0.343434,bank
3336,0.333333,0.353535,park
3337,0.333333,0.363636,pharmacy
3338,0.333333,0.373737,hospital
3339,0.333333,0.383838,pharmacy
3340,0.333333,0.393939,school
3341,0.333333,0.404040,park
3342,0.333333,0.414141,pharmacy
3343,0.333333,0.424242,store
3344,0.333333,0.434343,pharmacy
3345,0.333333,0.444444,restaurant
3346,0.333333,0.454545,pharmacy
3347,0.333333,0.464646,pharmacy
3348,0.333333,0.474747,cafe
3349,0.333333,0.484848,hospital
3350,0.333333,0.494949,pharmacy
3351,0.333333,0.505051,school
3352,0.333333,0.515152,hospital
3353,0.333333,0.525253,store
3354,0.333333,0.535354,hospital
3355,0.333333,0.545455,bank
3356,0.333333,0.555556,cafe
3357,0.333333,0.565657,pharmacy
3358,0.333333,0.575758,park
3359,0.333333,0.585859,hospital
3360,0.333333,0.595960,store
3361,0.333333,0.606061,park
3362,0.333333,0.616162,restaurant
3363,0.333333,0.626263,school
3364,0.333333,0.636364,cafe
3365,0.333333,0.646465,hospital
3366,0.333333,0.656566,cafe
3367,0.333333,0.666667,cafe
3368,0.333333,0.676768,hospital
3369,0.333333,0.686869,school
3370,0.333333,0.696970,hospital
3371,0.333333,0.707071,park
3372,0.333333,0.717172,restaurant
3373,0.333333,0.727273,park
3374,0.333333,0.737374,school
3375,0.333333,0.747475,store
3376,0.333333,0.757576,bank
3377,0.333333,0.767677,store
3378,0.333333,0.777778,cafe
3379,0.333333,0.787879,pharmacy
3380,0.333333,0.797980,park
3381,0.333333,0.808081,restaurant
3382,0.333333,0.818182,pharmacy
3383,0.333333,0.828283,bank
3384,0.333333,0.838384,hospital
3385,0.333333,0.848485,store
3386,0.333333,0.858586,school
3387,0.333333,0.868687,school
3388,0.333333,0.878788,park
3389,0.333333,0.888889,store
3390,0.333333,0.898990,bank
3391,0.333333,0.909091,pharmacy
3392,0.333333,0.919192,school
3393,0.333333,0.929293,school
3394,0.333333,0.939394,school
3395,0.333333,0.949495,hospital
3396,0.333333,0.959596,school
3397,0.333333,0.969697,restaurant
3398,0.333333,0.979798,store
3399,0.333333,0.989899,restaurant
3400,0.333333,1.000000,hospital
3401,0.343434,0.000000,hospital
3402,0.343434,0.010101,bank
3403,0.343434,0.020202,store
3404,0.343434,0.030303,hospital
3405,0.343434,0.040404,hospital
3406,0.343434,0.050505,bank
3407,0.343434,0.060606,store
3408,0.343434,0.070707,school
3409,0.343434,0.080808,restaurant
3410,0.343434,0.090909,hospital
3411,0.343434,0.101010,restaurant
3412,0.343434,0.111111,park
3413,0.343434,0.121212,park
3414,0.343434,0.131313,hospital
3415,0.343434,0.141414,pharmacy
3416,0.343434,0.151515,bank
3417,0.343434,0.161616,pharmacy
3418,0.343434,0.171717,hospital
3419,0.343434,0.181818,park
3420,0.343434,0.191919,pharmacy
3421,0.343434,0.202020,hospital
3422,0.343434,0.212121,cafe
3423,0.343434,0.222222,pharmacy
3424,0.343434,0.232323,pharmacy
3425,0.343434,0.242424,store
3426,0.343434,0.252525,restaurant
3427,0.343434,0.262626,pharmacy
3428,0.343434,0.272727,bank
3429,0.343434,0.282828,store
3430,0.343434,0.292929,cafe
3431,0.343434,0.303030,park
3432,0.343434,0.313131,cafe
3433,0.343434,0.323232,cafe
3434,0.343434,0.333333,park
3435,0.343434,0.343434,cafe
3436,0.343434,0.353535,cafe
3437,0.343434,0.363636,cafe
3438,0.343434,0.373737,bank
3439,0.343434,0.383838,pharmacy
3440,0.343434,0.393939,restaurant
3441,0.343434,0.404040,bank
3442,0.343434,0.414141,school
3443,0.343434,0.424242,park
3444,0.343434,0.434343,restaurant
3445,0.343434,0.444444,bank
3446,0.343434,0.454545,store
3447,0.343434,0.464646,bank
3448,0.343434,0.474747,store
3449,0.343434,0.484848,restaurant
3450,0.343434,0.494949,pharmacy
3451,0.343434,0.505051,hospital
3452,0.343434,0.515152,hospital
3453,0.343434,0.525253,park
3454,0.343434,0.535354,pharmacy
3455,0.343434,0.545455,store
3456,0.343434,0.555556,bank
3457,0.343434,0.565657,bank
3458,0.343434,0.575758,pharmacy
3459,0.343434,0.585859,pharmacy
3460,0.343434,0.595960,cafe
3461,0.343434,0.606061,park
3462,0.343434,0.616162,school
3463,0.343434,0.626263,cafe
3464,0.343434,0.636364,cafe
3465,0.343434,0.646465,park
3466,0.343434,0.656566,restaurant
3467,0.343434,0.666667,hospital
3468,0.343434,0.676768,restaurant
3469,0.343434,0.686869,store
3470,0.343434,0.696970,store
3471,0.343434,0.707071,pharmacy
3472,0.343434,0.717172,pharmacy
3473,0.343434,0.727273,hospital
3474,0.343434,0.737374,park
3475,0.343434,0.747475,hospital
3476,0.343434,0.757576,cafe
3477,0.343434,0.767677,hospital
3478,0.343434,0.777778,bank
3479,0.343434,0.787879,restaurant
3480,0.343434,0.797980,bank
3481,0.343434,0.808081,restaurant
3482,0.343434,0.818182,park
3483,0.343434,0.828283,school
3484,0.343434,0.838384,park
3485,0.343434,0.848485,store
3486,0.343434,0.858586,hospital
3487,0.343434,0.868687,store
3488,0.343434,0.878788,hospital
3489,0.343434,0.888889,store
3490,0.343434,0.898990,store
3491,0.343434,0.909091,cafe
3492,0.343434,0.919192,hospital
3493,0.343434,0.929293,restaurant
3494,0.343434,0.939394,pharmacy
3495,0.343434,0.949495,park
3496,0.343434,0.959596,hospital
3497,0.343434,0.969697,park
3498,0.343434,0.979798,bank
3499,0.343434,0.989899,restaurant
3500,0.343434,1.000000,school
3501,0.353535,0.000000,pharmacy
3502,0.353535,0.010101,pharmacy
3503,0.353535,0.020202,store
3504,0.353535,0.030303,restaurant
3505,0.353535,0.040404,bank
3506,0.353535,0.050505,school
3507,0.353535,0.060606,pharmacy
3508,0.353535,0.070707,store
3509,0.353535,0.080808,bank
3510,0.353535,0.090909,bank
3511,0.353535,0.101010,bank
3512,0.353535,0.111111,hospital
3513,0.353535,0.121212,park
3514,0.353535,0.131313,cafe
3515,0.353535,0.141414,store
3516,0.353535,0.151515,pharmacy
3517,0.353535,0.161616,restaurant
3518,0.353535,0.171717,pharmacy
3519,0.353535,0.181818,bank
3520,0.353535,0.191919,school
3521,0.353535,0.202020,hospital
3522,0.353535,0.212121,store
3523,0.353535,0.222222,cafe
3524,0.353535,0.232323,park
3525,0.353535,0.242424,store
3526,0.353535,0.252525,store
3527,0.353535,0.262626,cafe
3528,0.353535,0.272727,store
3529,0.353535,0.282828,restaurant
3530,0.353535,0.292929,store
3531,0.353535,0.303030,hospital
3532,0.353535,0.313131,hospital
3533,0.353535,0.323232,bank
3534,0.353535,0.333333,park
3535,0.353535,0.343434,park
3536,0.353535,0.353535,restaurant
3537,0.353535,0.363636,cafe
3538,0.353535,0.373737,store
3539,0.353535,0.383838,restaurant
3540,0.353535,0.393939,cafe
3541,0.353535,0.404040,hospital
3542,0.353535,0.414141,cafe
3543,0.353535,0.424242,hospital
3544,0.353535,0.434343,bank
3545,0.353535,0.444444,bank
3546,0.353535,0.454545,hospital
3547,0.353535,0.464646,store
3548,0.353535,0.474747,hospital
3549,0.353535,0.484848,school
3550,0.353535,0.494949,restaurant
3551,0.353535,0.505051,pharmacy
3552,0.353535,0.515152,pharmacy
3553,0.353535,0.525253,hospital
3554,0.353535,0.535354,cafe
3555,0.353535,0.545455,pharmacy
3556,0.353535,0.555556,pharmacy
3557,0.353535,0.565657,hospital
3558,0.353535,0.575758,pharmacy
3559,0.353535,0.585859,restaurant
3560,0.353535,0.595960,pharmacy
3561,0.353535,0.606061,school
3562,0.353535,0.616162,hospital
3563,0.353535,0.626263,bank
3564,0.353535,0.636364,bank
3565,0.353535,0.646465,hospital
3566,0.353535,0.656566,restaurant
3567,0.353535,0.666667,pharmacy
3568,0.353535,0.676768,bank
3569,0.353535,0.686869,park
3570,0.353535,0.696970,store
3571,0.353535,0.707071,school
3572,0.353535,0.717172,restaurant
3573,0.353535,0.727273,park
3574,0.353535,0.737374,hospital
3575,0.353535,0.747475,cafe
3576,0.353535,0.757576,cafe
3577,0.353535,0.767677,hospital
3578,0.353535,0.777778,store
3579,0.353535,0.787879,bank
3580,0.353535,0.797980,school
3581,0.353535,0.808081,store
3582,0.353535,0.818182,park
3583,0.353535,0.828283,pharmacy
3584,0.353535,0.838384,store
3585,0.353535,0.848485,restaurant
3586,0.353535,0.858586,cafe
3587,0.353535,0.868687,bank
3588,0.353535,0.878788,bank
3589,0.353535,0.888889,bank
3590,0.353535,0.898990,cafe
3591,0.353535,0.909091,bank
3592,0.353535,0.919192,store
3593,0.353535,0.929293,hospital
3594,0.353535,0.939394,bank
3595,0.353535,0.949495,hospital
3596,0.353535,0.959596,pharmacy
3597,0.353535,0.969697,store
3598,0.353535,0.979798,cafe
3599,0.353535,0.989899,store
3600,0.353535,1.000000,bank
3601,0.363636,0.000000,restaurant
3602,0.363636,0.010101,bank
3603,0.363636,0.020202,hospital
3604,0.363636,0.030303,school
3605,0.363636,0.040404,cafe
3606,0.363636,0.050505,pharmacy
3607,0.363636,0.060606,school
3608,0.363636,0.070707,school
3609,0.363636,0.080808,school
3610,0.363636,0.090909,park
3611,0.363636,0.101010,pharmacy
3612,0.363636,0.111111,store
3613,0.363636,0.121212,cafe
3614,0.363636,0.131313,cafe
3615,0.363636,0.141414,hospital
3616,0.363636,0.151515,bank
3617,0.363636,0.161616,bank
3618,0.363636,0.171717,park
3619,0.363636,0.181818,park
3620,0.363636,0.191919,pharmacy
3621,0.363636,0.202020,park
3622,0.363636,0.212121,park
3623,0.363636,0.222222,park
3624,0.363636,0.232323,bank
3625,0.363636,0.242424,school
3626,0.363636,0.252525,pharmacy
3627,0.363636,0.262626,hospital
3628,0.363636,0.272727,cafe
3629,0.363636,0.282828,store
3630,0.363636,0.292929,bank
3631,0.363636,0.303030,school
3632,0.363636,0.313131,store
3633,0.363636,0.323232,restaurant
3634,0.363636,0.333333,cafe
3635,0.363636,0.343434,bank
3636,0.363636,0.353535,restaurant
3637,0.363636,0.363636,park
3638,0.363636,0.373737,bank
3639,0.363636,0.383838,pharmacy
3640,0.363636,0.393939,park
3641,0.363636,0.404040,cafe
3642,0.363636,0.414141,cafe
3643,0.363636,0.424242,school
3644,0.363636,0.434343,school
3645,0.363636,0.444444,bank
3646,0.363636,0.454545,store
3647,0.363636,0.464646,hospital
3648,0.363636,0.474747,school
3649,0.363636,0.484848,restaurant
3650,0.363636,0.494949,cafe
3651,0.363636,0.505051,park
3652,0.363636,0.515152,restaurant
3653,0.363636,0.525253,bank
3654,0.363636,0.535354,restaurant
3655,0.363636,0.545455,hospital
3656,0.363636,0.555556,cafe
3657,0.363636,0.565657,pharmacy
3658,0.363636,0.575758,store
3659,0.363636,0.585859,hospital
3660,0.363636,0.595960,hospital
3661,0.363636,0.606061,bank
3662,0.363636,0.616162,cafe
3663,0.363636,0.626263,bank
3664,0.363636,0.636364,pharmacy
3665,0.363636,0.646465,school
3666,0.363636,0.656566,store
3667,0.363636,0.666667,restaurant
3668,0.363636,0.676768,bank
3669,0.363636,0.686869,park
3670,0.363636,0.696970,school
3671,0.363636,0.707071,pharmacy
3672,0.363636,0.717172,school
3673,0.363636,0.727273,pharmacy
3674,0.363636,0.737374,hospital
3675,0.363636,0.747475,park
3676,0.363636,0.757576,store
3677,0.363636,0.767677,park
3678,0.363636,0.777778,hospital
3679,0.363636,0.787879,park
3680,0.363636,0.797980,cafe
3681,0.363636,0.808081,cafe
3682,0.363636,0.818182,school
3683,0.363636,0.828283,cafe
3684,0.363636,0.838384,school
3685,0.363636,0.848485,store
3686,0.363636,0.858586,pharmacy
3687,0.363636,0.868687,bank
3688,0.363636,0.878788,cafe
3689,0.363636,0.888889,restaurant
3690,0.363636,0.898990,store
3691,0.363636,0.909091,store
3692,0.363636,0.919192,park
3693,0.363636,0.929293,school
3694,0.363636,0.939394,store
3695,0.363636,0.949495,hospital
3696,0.363636,0.959596,pharmacy
3697,0.363636,0.969697,cafe
3698,0.363636,0.979798,school
3699,0.363636,0.989899,cafe
3700,0.363636,1.000000,pharmacy
3701,0.373737,0.000000,pharmacy
3702,0.373737,0.010101,cafe
3703,0.373737,0.020202,hospital
3704,0.373737,0.030303,restaurant
3705,0.373737,0.040404,pharmacy
3706,0.373737,0.050505,bank
3707,0.373737,0.060606,pharmacy
3708,0.373737,0.070707,restaurant
3709,0.373737,0.080808,pharmacy
3710,0.373737,0.090909,store
3711,0.373737,0.101010,pharmacy
3712,0.373737,0.111111,pharmacy
3713,0.373737,0.121212,school
3714,0.373737,0.131313,pharmacy
3715,0.373737,0.141414,pharmacy
3716,0.373737,0.151515,pharmacy
3717,0.373737,0.161616,hospital
3718,0.373737,0.171717,park
3719,0.373737,0.181818,school
3720,0.373737,0.191919,bank
3721,0.373737,0.202020,store
3722,0.373737,0.212121,bank
3723,0.373737,0.222222,park
3724,0.373737,0.232323,cafe
3725,0.373737,0.242424,park
3726,0.373737,0.252525,cafe
3727,0.373737,0.262626,restaurant
3728,0.373737,0.272727,bank
3729,0.373737,0.282828,park
3730,0.373737,0.292929,bank
3731,0.373737,0.303030,cafe
3732,0.373737,0.313131,store
3733,0.373737,0.323232,school
3734,0.373737,0.333333,bank
3735,0.373737,0.343434,school
3736,0.373737,0.353535,store
3737,0.373737,0.363636,restaurant
3738,0.373737,0.373737,park
3739,0.373737,0.383838,hospital
3740,0.373737,0.393939,pharmacy
3741,0.373737,0.404040,pharmacy
3742,0.373737,0.414141,store
3743,0.373737,0.424242,restaurant
3744,0.373737,0.434343,restaurant
3745,0.373737,0.444444,park
3746,0.373737,0.454545,store
3747,0.373737,0.464646,school
3748,0.373737,0.474747,school
3749,0.373737,0.484848,cafe
3750,0.373737,0.494949,store
3751,0.373737,0.505051,park
3752,0.373737,0.515152,store
3753,0.373737,0.525253,park
3754,0.373737,0.535354,pharmacy
3755,0.373737,0.545455,pharmacy
3756,0.373737,0.555556,cafe
3757,0.373737,0.565657,cafe
3758,0.373737,0.575758,hospital
3759,0.373737,0.585859,restaurant
3760,0.373737,0.595960,park
3761,0.373737,0.606061,park
3762,0.373737,0.616162,pharmacy
3763,0.373737,0.626263,park
3764,0.373737,0.636364,bank
3765,0.373737,0.646465,bank
3766,0.373737,0.656566,restaurant
3767,0.373737,0.666667,pharmacy
3768,0.373737,0.676768,park
3769,0.373737,0.686869,cafe
3770,0.373737,0.696970,store
3771,0.373737,0.707071,restaurant
3772,0.373737,0.717172,restaurant
3773,0.373737,0.727273,bank
3774,0.373737,0.737374,cafe
3775,0.373737,0.747475,restaurant
3776,0.373737,0.757576,school
3777,0.373737,0.767677,bank
3778,0.373737,0.777778,bank
3779,0.373737,0.787879,bank
3780,0.373737,0.797980,hospital
3781,0.373737,0.808081,store
3782,0.373737,0.818182,restaurant
3783,0.373737,0.828283,bank
3784,0.373737,0.838384,park
3785,0.373737,0.848485,cafe
3786,0.373737,0.858586,hospital
3787,0.373737,0.868687,bank
3788,0.373737,0.878788,restaurant
3789,0.373737,0.888889,hospital
3790,0.373737,0.898990,park
3791,0.373737,0.909091,cafe
3792,0.373737,0.919192,store
3793,0.373737,0.929293,store
3794,0.373737,0.939394,bank
3795,0.373737,0.949495,school
3796,0.373737,0.959596,store
3797,0.373737,0.969697,store
3798,0.373737,0.979798,park
3799,0.373737,0.989899,hospital
3800,0.373737,1.000000,park
3801,0.383838,0.000000,bank
3802,0.383838,0.010101,pharmacy
3803,0.383838,0.020202,hospital
3804,0.383838,0.030303,cafe
3805,0.383838,0.040404,store
3806,0.383838,0.050505,park
3807,0.383838,0.060606,cafe
3808,0.383838,0.070707,store
3809,0.383838,0.080808,bank
3810,0.383838,0.090909,store
3811,0.383838,0.101010,store
3812,0.383838,0.111111,school
3813,0.383838,0.121212,cafe
3814,0.383838,0.131313,hospital
3815,0.383838,0.141414,store
3816,0.383838,0.151515,bank
3817,0.383838,0.161616,store
3818,0.383838,0.171717,cafe
3819,0.383838,0.181818,cafe
3820,0.383838,0.191919,school
3821,0.383838,0.202020,hospital
3822,0.383838,0.212121,hospital
3823,0.383838,0.222222,hospital
3824,0.383838,0.232323,bank
3825,0.383838,0.242424,cafe
3826,0.383838,0.252525,restaurant
3827,0.383838,0.262626,school
3828,0.383838,0.272727,cafe
3829,0.383838,0.282828,park
3830,0.383838,0.292929,store
3831,0.383838,0.303030,store
3832,0.383838,0.313131,restaurant
3833,0.383838,0.323232,cafe
3834,0.383838,0.333333,restaurant
3835,0.383838,0.343434,school
3836,0.383838,0.353535,pharmacy
3837,0.383838,0.363636,pharmacy
3838,0.383838,0.373737,pharmacy
3839,0.383838,0.383838,pharmacy
3840,0.383838,0.393939,pharmacy
3841,0.383838,0.404040,cafe
3842,0.383838,0.414141,park
3843,0.383838,0.424242,cafe
3844,0.383838,0.434343,store
3845,0.383838,0.444444,restaurant
3846,0.383838,0.454545,pharmacy
3847,0.383838,0.464646,hospital
3848,0.383838,0.474747,park
3849,0.383838,0.484848,school
3850,0.383838,0.494949,school
3851,0.383838,0.505051,school
3852,0.383838,0.515152,park
3853,0.383838,0.525253,restaurant
3854,0.383838,0.535354,bank
3855,0.383838,0.545455,school
3856,0.383838,0.555556,restaurant
3857,0.383838,0.565657,restaurant
3858,0.383838,0.575758,school
3859,0.383838,0.585859,restaurant
3860,0.383838,0.595960,school
3861,0.383838,0.606061,park
3862,0.383838,0.616162,school
3863,0.383838,0.626263,store
3864,0.383838,0.636364,school
3865,0.383838,0.646465,store
3866,0.383838,0.656566,school
3867,0.383838,0.666667,store
3868,0.383838,0.676768,school
3869,0.383838,0.686869,store
3870,0.383838,0.696970,bank
3871,0.383838,0.707071,hospital
3872,0.383838,0.717172,restaurant
3873,0.383838,0.727273,cafe
3874,0.383838,0.737374,bank
3875,0.383838,0.747475,school
3876,0.383838,0.757576,bank
3877,0.383838,0.767677,cafe
3878,0.383838,0.777778,hospital
3879,0.383838,0.787879,park
3880,0.383838,0.797980,cafe
3881,0.383838,0.808081,store
3882,0.383838,0.818182,park
3883,0.383838,0.828283,school
3884,0.383838,0.838384,store
3885,0.383838,0.848485,hospital
3886,0.383838,0.858586,bank
3887,0.383838,0.868687,cafe
3888,0.383838,0.878788,park
3889,0.383838,0.888889,bank
3890,0.383838,0.898990,pharmacy
3891,0.383838,0.909091,cafe
3892,0.383838,0.919192,bank
3893,0.383838,0.929293,hospital
3894,0.383838,0.939394,restaurant
3895,0.383838,0.949495,park
3896,0.383838,0.959596,park
3897,0.383838,0.969697,pharmacy
3898,0.383838,0.979798,pharmacy
3899,0.383838,0.989899,park
3900,0.383838,1.000000,restaurant
3901,0.393939,0.000000,pharmacy
3902,0.393939,0.010101,pharmacy
3903,0.393939,0.020202,restaurant
3904,0.393939,0.030303,park
3905,0.393939,0.040404,bank
3906,0.393939,0.050505,store
3907,0.393939,0.060606,cafe
3908,0.393939,0.070707,store
3909,0.393939,0.080808,cafe
3910,0.393939,0.090909,hospital
3911,0.393939,0.101010,restaurant
3912,0.393939,0.111111,hospital
3913,0.393939,0.121212,cafe
3914,0.393939,0.131313,pharmacy
3915,0.393939,0.141414,school
3916,0.393939,0.151515,pharmacy
3917,0.393939,0.161616,cafe
3918,0.393939,0.171717,hospital
3919,0.393939,0.181818,park
3920,0.393939,0.191919,restaurant
3921,0.393939,0.202020,store
3922,0.393939,0.212121,pharmacy
3923,0.393939,0.222222,store
3924,0.393939,0.232323,park
3925,0.393939,0.242424,park
3926,0.393939,0.252525,bank
3927,0.393939,0.262626,park
3928,0.393939,0.272727,park
3929,0.393939,0.282828,restaurant
3930,0.393939,0.292929,bank
3931,0.393939,0.303030,school
3932,0.393939,0.313131,school
3933,0.393939,0.323232,store
3934,0.393939,0.333333,park
3935,0.393939,0.343434,cafe
3936,0.393939,0.353535,store
3937,0.393939,0.363636,cafe
3938,0.393939,0.373737,bank
3939,0.393939,0.383838,bank
3940,0.393939,0.393939,store
3941,0.393939,0.404040,pharmacy
3942,0.393939,0.414141,pharmacy
3943,0.393939,0.424242,park
3944,0.393939,0.434343,restaurant
3945,0.393939,0.444444,restaurant
3946,0.393939,0.454545,park
3947,0.393939,0.464646,restaurant
3948,0.393939,0.474747,school
3949,0.393939,0.484848,pharmacy
3950,0.393939,0.494949,cafe
3951,0.393939,0.505051,cafe
3952,0.393939,0.515152,store
3953,0.393939,0.525253,restaurant
3954,0.393939,0.535354,bank
3955,0.393939,0.545455,pharmacy
3956,0.393939,0.555556,park
3957,0.393939,0.565657,hospital
3958,0.393939,0.575758,bank
3959,0.393939,0.585859,park
3960,0.393939,0.595960,park
3961,0.393939,0.606061,restaurant
3962,0.393939,0.616162,bank
3963,0.393939,0.626263,bank
3964,0.393939,0.636364,bank
3965,0.393939,0.646465,bank
3966,0.393939,0.656566,hospital
3967,0.393939,0.666667,cafe
3968,0.393939,0.676768,bank
3969,0.393939,0.686869,hospital
3970,0.393939,0.696970,school
3971,0.393939,0.707071,store
3972,0.393939,0.717172,cafe
3973,0.393939,0.727273,cafe
3974,0.393939,0.737374,pharmacy
3975,0.393939,0.747475,pharmacy
3976,0.393939,0.757576,park
3977,0.393939,0.767677,restaurant
3978,0.393939,0.777778,bank
3979,0.393939,0.787879,store
3980,0.393939,0.797980,store
3981,0.393939,0.808081,restaurant
3982,0.393939,0.818182,restaurant
3983,0.393939,0.828283,cafe
3984,0.393939,0.838384,park
3985,0.393939,0.848485,cafe
3986,0.393939,0.858586,cafe
3987,0.393939,0.868687,store
3988,0.393939,0.878788,park
3989,0.393939,0.888889,school
3990,0.393939,0.898990,bank
3991,0.393939,0.909091,park
3992,0.393939,0.919192,park
3993,0.393939,0.929293,school
3994,0.393939,0.939394,school
3995,0.393939,0.949495,school
3996,0.393939,0.959596,school
3997,0.393939,0.969697,cafe
3998,0.393939,0.979798,bank
3999,0.393939,0.989899,park
4000,0.393939,1.000000,park
4001,0.404040,0.000000,hospital
4002,0.404040,0.010101,school
4003,0.404040,0.020202,store
4004,0.404040,0.030303,park
4005,0.404040,0.040404,store
4006,0.404040,0.050505,park
4007,0.404040,0.060606,restaurant
4008,0.404040,0.070707,pharmacy
4009,0.404040,0.080808,restaurant
4010,0.404040,0.090909,cafe
4011,0.404040,0.101010,school
4012,0.404040,0.111111,store
4013,0.404040,0.121212,restaurant
4014,0.404040,0.131313,pharmacy
4015,0.404040,0.141414,cafe
4016,0.404040,0.151515,hospital
4017,0.404040,0.161616,store
4018,0.404040,0.171717,cafe
4019,0.404040,0.181818,pharmacy
4020,0.404040,0.191919,cafe
4021,0.404040,0.202020,hospital
4022,0.404040,0.212121,hospital
4023,0.404040,0.222222,school
4024,0.404040,0.232323,school
4025,0.404040,0.242424,school
4026,0.404040,0.252525,park
4027,0.404040,0.262626,hospital
4028,0.404040,0.272727,bank
4029,0.404040,0.282828,hospital
4030,0.404040,0.292929,bank
4031,0.404040,0.303030,store
4032,0.404040,0.313131,school
4033,0.404040,0.323232,bank
4034,0.404040,0.333333,restaurant
4035,0.404040,0.343434,cafe
4036,0.404040,0.353535,park
4037,0.404040,0.363636,park
4038,0.404040,0.373737,restaurant
4039,0.404040,0.383838,bank
4040,0.404040,0.393939,hospital
4041,0.404040,0.404040,bank
4042,0.404040,0.414141,cafe
4043,0.404040,0.424242,hospital
4044,0.404040,0.434343,store
4045,0.404040,0.444444,school
4046,0.404040,0.454545,bank
4047,0.404040,0.464646,store
4048,0.404040,0.474747,pharmacy
4049,0.404040,0.484848,store
4050,0.404040,0.494949,cafe
4051,0.404040,0.505051,restaurant
4052,0.404040,0.515152,cafe
4053,0.404040,0.525253,school
4054,0.404040,0.535354,pharmacy
4055,0.404040,0.545455,cafe
4056,0.404040,0.555556,store
4057,0.404040,0.565657,bank
4058,0.404040,0.575758,park
4059,0.404040,0.585859,park
4060,0.404040,0.595960,restaurant
4061,0.404040,0.606061,restaurant
4062,0.404040,0.616162,bank
4063,0.404040,0.626263,bank
4064,0.404040,0.636364,pharmacy
4065,0.404040,0.646465,restaurant
4066,0.404040,0.656566,school
4067,0.404040,0.666667,school
4068,0.404040,0.676768,restaurant
4069,0.404040,0.686869,bank
4070,0.404040,0.696970,hospital
4071,0.404040,0.707071,school
4072,0.404040,0.717172,hospital
4073,0.404040,0.727273,bank
4074,0.404040,0.737374,park
4075,0.404040,0.747475,bank
4076,0.404040,0.757576,pharmacy
4077,0.404040,0.767677,pharmacy
4078,0.404040,0.777778,pharmacy
4079,0.404040,0.787879,pharmacy
4080,0.404040,0.797980,cafe
4081,0.404040,0.808081,pharmacy
4082,0.404040,0.818182,park
4083,0.404040,0.828283,hospital
4084,0.404040,0.838384,hospital
4085,0.404040,0.848485,school
4086,0.404040,0.858586,store
4087,0.404040,0.868687,restaurant
4088,0.404040,0.878788,park
4089,0.404040,0.888889,school
4090,0.404040,0.898990,cafe
4091,0.404040,0.909091,bank
4092,0.404040,0.919192,park
4093,0.404040,0.929293,hospital
4094,0.404040,0.939394,restaurant
4095,0.404040,0.949495,cafe
4096,0.404040,0.959596,park
4097,0.404040,0.969697,cafe
4098,0.404040,0.979798,store
4099,0.404040,0.989899,store
4100,0.404040,1.000000,restaurant
4101,0.414141,0.000000,bank
4102,0.414141,0.010101,cafe
4103,0.414141,0.020202,restaurant
4104,0.414141,0.030303,bank
4105,0.414141,0.040404,restaurant
4106,0.414141,0.050505,park
4107,0.414141,0.060606,restaurant
4108,0.414141,0.070707,park
4109,0.414141,0.080808,park
4110,0.414141,0.090909,bank
4111,0.414141,0.101010,store
4112,0.414141,0.111111,store
4113,0.414141,0.121212,school
4114,0.414141,0.131313,restaurant
4115,0.414141,0.141414,cafe
4116,0.414141,0.151515,pharmacy
4117,0.414141,0.161616,bank
4118,0.414141,0.171717,cafe
4119,0.414141,0.181818,bank
4120,0.414141,0.191919,cafe
4121,0.414141,0.202020,pharmacy
4122,0.414141,0.212121,restaurant
4123,0.414141,0.222222,cafe
4124,0.414141,0.232323,restaurant
4125,0.414141,0.242424,restaurant
4126,0.414141,0.252525,park
4127,0.414141,0.262626,bank
4128,0.414141,0.272727,pharmacy
4129,0.414141,0.282828,school
4130,0.414141,0.292929,park
4131,0.414141,0.303030,school
4132,0.414141,0.313131,bank
4133,0.414141,0.323232,bank
4134,0.414141,0.333333,cafe
4135,0.414141,0.343434,store
4136,0.414141,0.353535,store
4137,0.414141,0.363636,pharmacy
4138,0.414141,0.373737,pharmacy
4139,0.414141,0.383838,hospital
4140,0.414141,0.393939,pharmacy
4141,0.414141,0.404040,bank
4142,0.414141,0.414141,pharmacy
4143,0.414141,0.424242,cafe
4144,0.414141,0.434343,bank
4145,0.414141,0.444444,school
4146,0.414141,0.454545,bank
4147,0.414141,0.464646,school
4148,0.414141,0.474747,cafe
4149,0.414141,0.484848,pharmacy
4150,0.414141,0.494949,school
4151,0.414141,0.505051,restaurant
4152,0.414141,0.515152,restaurant
4153,0.414141,0.525253,school
4154,0.414141,0.535354,store
4155,0.414141,0.545455,hospital
4156,0.414141,0.555556,park
4157,0.414141,0.565657,hospital
4158,0.414141,0.575758,cafe
4159,0.414141,0.585859,bank
4160,0.414141,0.595960,cafe
4161,0.414141,0.606061,restaurant
4162,0.414141,0.616162,park
4163,0.414141,0.626263,store
4164,0.414141,0.636364,school
4165,0.414141,0.646465,park
4166,0.414141,0.656566,park
4167,0.414141,0.666667,pharmacy
4168,0.414141,0.676768,park
4169,0.414141,0.686869,bank
4170,0.414141,0.696970,school
4171,0.414141,0.707071,bank
4172,0.414141,0.717172,bank
4173,0.414141,0.727273,store
4174,0.414141,0.737374,school
4175,0.414141,0.747475,bank
4176,0.414141,0.757576,park
4177,0.414141,0.767677,pharmacy
4178,0.414141,0.777778,park
4179,0.414141,0.787879,store
4180,0.414141,0.797980,school
4181,0.414141,0.808081,pharmacy
4182,0.414141,0.818182,hospital
4183,0.414141,0.828283,school
4184,0.414141,0.838384,restaurant
4185,0.414141,0.848485,park
4186,0.414141,0.858586,pharmacy
4187,0.414141,0.868687,school
4188,0.414141,0.878788,park
4189,0.414141,0.888889,hospital
4190,0.414141,0.898990,pharmacy
4191,0.414141,0.909091,restaurant
4192,0.414141,0.919192,store
4193,0.414141,0.929293,park
4194,0.414141,0.939394,park
4195,0.414141,0.949495,bank
4196,0.414141,0.959596,hospital
4197,0.414141,0.969697,store
4198,0.414141,0.979798,cafe
4199,0.414141,0.989899,store
4200,0.414141,1.000000,park
4201,0.424242,0.000000,park
4202,0.424242,0.010101,bank
4203,0.424242,0.020202,restaurant
4204,0.424242,0.030303,park
4205,0.424242,0.040404,restaurant
4206,0.424242,0.050505,pharmacy
4207,0.424242,0.060606,park
4208,0.424242,0.070707,cafe
4209,0.424242,0.080808,restaurant
4210,0.424242,0.090909,restaurant
4211,0.424242,0.101010,hospital
4212,0.424242,0.111111,school
4213,0.424242,0.121212,store
4214,0.424242,0.131313,bank
4215,0.424242,0.141414,pharmacy
4216,0.424242,0.151515,pharmacy
4217,0.424242,0.161616,cafe
4218,0.424242,0.171717,pharmacy
4219,0.424242,0.181818,cafe
4220,0.424242,0.191919,bank
4221,0.424242,0.202020,store
4222,0.424242,0.212121,restaurant
4223,0.424242,0.222222,hospital
4224,0.424242,0.232323,store
4225,0.424242,0.242424,restaurant
4226,0.424242,0.252525,park
4227,0.424242,0.262626,school
4228,0.424242,0.272727,cafe
4229,0.424242,0.282828,cafe
4230,0.424242,0.292929,restaurant
4231,0.424242,0.303030,cafe
4232,0.424242,0.313131,restaurant
4233,0.424242,0.323232,school
4234,0.424242,0.333333,cafe
4235,0.424242,0.343434,pharmacy
4236,0.424242,0.353535,school
4237,0.424242,0.363636,pharmacy
4238,0.424242,0.373737,school
4239,0.424242,0.383838,store
4240,0.424242,0.393939,hospital
4241,0.424242,0.404040,bank
4242,0.424242,0.414141,pharmacy
4243,0.424242,0.424242,store
4244,0.424242,0.434343,cafe
4245,0.424242,0.444444,restaurant
4246,0.424242,0.454545,park
4247,0.424242,0.464646,store
4248,0.424242,0.474747,pharmacy
4249,0.424242,0.484848,park
4250,0.424242,0.494949,school
4251,0.424242,0.505051,park
4252,0.424242,0.515152,restaurant
4253,0.424242,0.525253,park
4254,0.424242,0.535354,restaurant
4255,0.424242,0.545455,pharmacy
4256,0.424242,0.555556,store
4257,0.424242,0.565657,park
4258,0.424242,0.575758,park
4259,0.424242,0.585859,school
4260,0.424242,0.595960,hospital
4261,0.424242,0.606061,cafe
4262,0.424242,0.616162,cafe
4263,0.424242,0.626263,school
4264,0.424242,0.636364,restaurant
4265,0.424242,0.646465,store
4266,0.424242,0.656566,cafe
4267,0.424242,0.666667,store
4268,0.424242,0.676768,park
4269,0.424242,0.686869,cafe
4270,0.424242,0.696970,store
4271,0.424242,0.707071,park
4272,0.424242,0.717172,school
4273,0.424242,0.727273,store
4274,0.424242,0.737374,school
4275,0.424242,0.747475,park
4276,0.424242,0.757576,cafe
4277,0.424242,0.767677,school
4278,0.424242,0.777778,school
4279,0.424242,0.787879,pharmacy
4280,0.424242,0.797980,hospital
4281,0.424242,0.808081,bank
4282,0.424242,0.818182,cafe
4283,0.424242,0.828283,bank
4284,0.424242,0.838384,school
4285,0.424242,0.848485,restaurant
4286,0.424242,0.858586,store
4287,0.424242,0.868687,cafe
4288,0.424242,0.878788,bank
4289,0.424242,0.888889,park
4290,0.424242,0.898990,pharmacy
4291,0.424242,0.909091,pharmacy
4292,0.424242,0.919192,pharmacy
4293,0.424242,0.929293,restaurant
4294,0.424242,0.939394,pharmacy
4295,0.424242,0.949495,park
4296,0.424242,0.959596,cafe
4297,0.424242,0.969697,store
4298,0.424242,0.979798,pharmacy
4299,0.424242,0.989899,school
4300,0.424242,1.000000,pharmacy
4301,0.434343,0.000000,hospital
4302,0.434343,0.010101,cafe
4303,0.434343,0.020202,hospital
4304,0.434343,0.030303,hospital
4305,0.434343,0.040404,school
4306,0.434343,0.050505,bank
4307,0.434343,0.060606,pharmacy
4308,0.434343,0.070707,cafe
4309,0.434343,0.080808,store
4310,0.434343,0.090909,pharmacy
4311,0.434343,0.101010,restaurant
4312,0.434343,0.111111,pharmacy
4313,0.434343,0.121212,restaurant
4314,0.434343,0.131313,restaurant
4315,0.434343,0.141414,store
4316,0.434343,0.151515,hospital
4317,0.434343,0.161616,store
4318,0.434343,0.171717,park
4319,0.434343,0.181818,school
4320,0.434343,0.191919,school
4321,0.434343,0.202020,park
4322,0.434343,0.212121,store
4323,0.434343,0.222222,bank
4324,0.434343,0.232323,bank
4325,0.434343,0.242424,cafe
4326,0.434343,0.252525,cafe
4327,0.434343,0.262626,hospital
4328,0.434343,0.272727,store
4329,0.434343,0.282828,school
4330,0.434343,0.292929,park
4331,0.434343,0.303030,bank
4332,0.434343,0.313131,school
4333,0.434343,0.323232,bank
4334,0.434343,0.333333,park
4335,0.434343,0.343434,school
4336,0.434343,0.353535,park
4337,0.434343,0.363636,store
4338,0.434343,0.373737,school
4339,0.434343,0.383838,park
4340,0.434343,0.393939,hospital
4341,0.434343,0.404040,restaurant
4342,0.434343,0.414141,bank
4343,0.434343,0.424242,pharmacy
4344,0.434343,0.434343,pharmacy
4345,0.434343,0.444444,bank
4346,0.434343,0.454545,store
4347,0.434343,0.464646,school
4348,0.434343,0.474747,school
4349,0.434343,0.484848,store
4350,0.434343,0.494949,school
4351,0.434343,0.505051,bank
4352,0.434343,0.515152,bank
4353,0.434343,0.525253,pharmacy
4354,0.434343,0.535354,school
4355,0.434343,0.545455,store
4356,0.434343,0.555556,cafe
4357,0.434343,0.565657,hospital
4358,0.434343,0.575758,school
4359,0.434343,0.585859,cafe
4360,0.434343,0.595960,hospital
4361,0.434343,0.606061,park
4362,0.434343,0.616162,hospital
4363,0.434343,0.626263,cafe
4364,0.434343,0.636364,hospital
4365,0.434343,0.646465,cafe
4366,0.434343,0.656566,cafe
4367,0.434343,0.666667,restaurant
4368,0.434343,0.676768,bank
4369,0.434343,0.686869,restaurant
4370,0.434343,0.696970,bank
4371,0.434343,0.707071,bank
4372,0.434343,0.717172,bank
4373,0.434343,0.727273,restaurant
4374,0.434343,0.737374,restaurant
4375,0.434343,0.747475,park
4376,0.434343,0.757576,school
4377,0.434343,0.767677,cafe
4378,0.434343,0.777778,store
4379,0.434343,0.787879,store
4380,0.434343,0.797980,hospital
4381,0.434343,0.808081,bank
4382,0.434343,0.818182,cafe
4383,0.434343,0.828283,school
4384,0.434343,0.838384,bank
4385,0.434343,0.848485,restaurant
4386,0.434343,0.858586,park
4387,0.434343,0.868687,school
4388,0.434343,0.878788,park
4389,0.434343,0.888889,school
4390,0.434343,0.898990,restaurant
4391,0.434343,0.909091,bank
4392,0.434343,0.919192,hospital
4393,0.434343,0.929293,school
4394,0.434343,0.939394,pharmacy
4395,0.434343,0.949495,bank
4396,0.434343,0.959596,store
4397,0.434343,0.969697,store
4398,0.434343,0.979798,pharmacy
4399,0.434343,0.989899,school
4400,0.434343,1.000000,park
4401,0.444444,0.000000,restaurant
4402,0.444444,0.010101,pharmacy
4403,0.444444,0.020202,pharmacy
4404,0.444444,0.030303,school
4405,0.444444,0.040404,park
4406,0.444444,0.050505,school
4407,0.444444,0.060606,school
4408,0.444444,0.070707,school
4409,0.444444,0.080808,school
4410,0.444444,0.090909,pharmacy
4411,0.444444,0.101010,hospital
4412,0.444444,0.111111,restaurant
4413,0.444444,0.121212,school
4414,0.444444,0.131313,park
4415,0.444444,0.141414,cafe
4416,0.444444,0.151515,bank
4417,0.444444,0.161616,cafe
4418,0.444444,0.171717,hospital
4419,0.444444,0.181818,bank
4420,0.444444,0.191919,hospital
4421,0.444444,0.202020,restaurant
4422,0.444444,0.212121,pharmacy
4423,0.444444,0.222222,school
4424,0.444444,0.232323,cafe
4425,0.444444,0.242424,cafe
4426,0.444444,0.252525,park
4427,0.444444,0.262626,store
4428,0.444444,0.272727,restaurant
4429,0.444444,0.282828,park
4430,0.444444,0.292929,park
4431,0.444444,0.303030,restaurant
4432,0.444444,0.313131,store
4433,0.444444,0.323232,restaurant
4434,0.444444,0.333333,bank
4435,0.444444,0.343434,cafe
4436,0.444444,0.353535,store
4437,0.444444,0.363636,store
4438,0.444444,0.373737,school
4439,0.444444,0.383838,restaurant
4440,0.444444,0.393939,hospital
4441,0.444444,0.404040,store
4442,0.444444,0.414141,bank
4443,0.444444,0.424242,school
4444,0.444444,0.434343,pharmacy
4445,0.444444,0.444444,pharmacy
4446,0.444444,0.454545,restaurant
4447,0.444444,0.464646,restaurant
4448,0.444444,0.474747,cafe
4449,0.444444,0.484848,school
4450,0.444444,0.494949,park
4451,0.444444,0.505051,bank
4452,0.444444,0.515152,cafe
4453,0.444444,0.525253,restaurant
4454,0.444444,0.535354,cafe
4455,0.444444,0.545455,cafe
4456,0.444444,0.555556,bank
4457,0.444444,0.565657,restaurant
4458,0.444444,0.575758,school
4459,0.444444,0.585859,store
4460,0.444444,0.595960,cafe
4461,0.444444,0.606061,school
4462,0.444444,0.616162,school
4463,0.444444,0.626263,restaurant
4464,0.444444,0.636364,school
4465,0.444444,0.646465,restaurant
4466,0.444444,0.656566,hospital
4467,0.444444,0.666667,restaurant
4468,0.444444,0.676768,restaurant
4469,0.444444,0.686869,cafe
4470,0.444444,0.696970,park
4471,0.444444,0.707071,hospital
4472,0.444444,0.717172,hospital
4473,0.444444,0.727273,store
4474,0.444444,0.737374,park
4475,0.444444,0.747475,store
4476,0.444444,0.757576,pharmacy
4477,0.444444,0.767677,store
4478,0.444444,0.777778,park
4479,0.444444,0.787879,store
4480,0.444444,0.797980,restaurant
4481,0.444444,0.808081,school
4482,0.444444,0.818182,restaurant
4483,0.444444,0.828283,pharmacy
4484,0.444444,0.838384,bank
4485,0.444444,0.848485,bank
4486,0.444444,0.858586,bank
4487,0.444444,0.868687,restaurant
4488,0.444444,0.878788,restaurant
4489,0.444444,0.888889,bank
4490,0.444444,0.898990,park
4491,0.444444,0.909091,cafe
4492,0.444444,0.919192,cafe
4493,0.444444,0.929293,cafe
4494,0.444444,0.939394,school
4495,0.444444,0.949495,bank
4496,0.444444,0.959596,cafe
4497,0.444444,0.969697,pharmacy
4498,0.444444,0.979798,cafe
4499,0.444444,0.989899,hospital
4500,0.444444,1.000000,store
4501,0.454545,0.000000,pharmacy
4502,0.454545,0.010101,pharmacy
4503,0.454545,0.020202,pharmacy
4504,0.454545,0.030303,cafe
4505,0.454545,0.040404,pharmacy
4506,0.454545,0.050505,restaurant
4507,0.454545,0.060606,restaurant
4508,0.454545,0.070707,school
4509,0.454545,0.080808,restaurant
4510,0.454545,0.090909,cafe
4511,0.454545,0.101010,park
4512,0.454545,0.111111,store
4513,0.454545,0.121212,pharmacy
4514,0.454545,0.131313,park
4515,0.454545,0.141414,park
4516,0.454545,0.151515,hospital
4517,0.454545,0.161616,cafe
4518,0.454545,0.171717,school
4519,0.454545,0.181818,school
4520,0.454545,0.191919,hospital
4521,0.454545,0.202020,hospital
4522,0.454545,0.212121,store
4523,0.454545,0.222222,hospital
4524,0.454545,0.232323,cafe
4525,0.454545,0.242424,hospital
4526,0.454545,0.252525,store
4527,0.454545,0.262626,store
4528,0.454545,0.272727,bank
4529,0.454545,0.282828,park
4530,0.454545,0.292929,hospital
4531,0.454545,0.303030,school
4532,0.454545,0.313131,pharmacy
4533,0.454545,0.323232,store
4534,0.454545,0.333333,school
4535,0.454545,0.343434,restaurant
4536,0.454545,0.353535,hospital
4537,0.454545,0.363636,pharmacy
4538,0.454545,0.373737,bank
4539,0.454545,0.383838,pharmacy
4540,0.454545,0.393939,restaurant
4541,0.454545,0.404040,pharmacy
4542,0.454545,0.414141,bank
4543,0.454545,0.424242,park
4544,0.454545,0.434343,hospital
4545,0.454545,0.444444,hospital
4546,0.454545,0.454545,cafe
4547,0.454545,0.464646,restaurant
4548,0.454545,0.474747,restaurant
4549,0.454545,0.484848,restaurant
4550,0.454545,0.494949,park
4551,0.454545,0.505051,cafe
4552,0.454545,0.515152,pharmacy
4553,0.454545,0.525253,store
4554,0.454545,0.535354,hospital
4555,0.454545,0.545455,bank
4556,0.454545,0.555556,park
4557,0.454545,0.565657,store
4558,0.454545,0.575758,pharmacy
4559,0.454545,0.585859,park
4560,0.454545,0.595960,cafe
4561,0.454545,0.606061,hospital
4562,0.454545,0.616162,park
4563,0.454545,0.626263,cafe
4564,0.454545,0.636364,pharmacy
4565,0.454545,0.646465,hospital
4566,0.454545,0.656566,bank
4567,0.454545,0.666667,school
4568,0.454545,0.676768,school
4569,0.454545,0.686869,bank
4570,0.454545,0.696970,restaurant
4571,0.454545,0.707071,park
4572,0.454545,0.717172,bank
4573,0.454545,0.727273,park
4574,0.454545,0.737374,park
4575,0.454545,0.747475,school
4576,0.454545,0.757576,pharmacy
4577,0.454545,0.767677,bank
4578,0.454545,0.777778,hospital
4579,0.454545,0.787879,hospital
4580,0.454545,0.797980,pharmacy
4581,0.454545,0.808081,cafe
4582,0.454545,0.818182,cafe
4583,0.454545,0.828283,school
4584,0.454545,0.838384,store
4585,0.454545,0.848485,restaurant
4586,0.454545,0.858586,cafe
4587,0.454545,0.868687,school
4588,0.454545,0.878788,cafe
4589,0.454545,0.888889,restaurant
4590,0.454545,0.898990,bank
4591,0.454545,0.909091,cafe
4592,0.454545,0.919192,store
4593,0.454545,0.929293,pharmacy
4594,0.454545,0.939394,bank
4595,0.454545,0.949495,bank
4596,0.454545,0.959596,hospital
4597,0.454545,0.969697,pharmacy
4598,0.454545,0.979798,park
4599,0.454545,0.989899,store
4600,0.454545,1.000000,park
4601,0.464646,0.000000,hospital
4602,0.464646,0.010101,store
4603,0.464646,0.020202,cafe
4604,0.464646,0.030303,bank
4605,0.464646,0.040404,restaurant
4606,0.464646,0.050505,cafe
4607,0.464646,0.060606,bank
4608,0.464646,0.070707,hospital
4609,0.464646,0.080808,hospital
4610,0.464646,0.090909,restaurant
4611,0.464646,0.101010,hospital
4612,0.464646,0.111111,pharmacy
4613,0.464646,0.121212,restaurant
4614,0.464646,0.131313,bank
4615,0.464646,0.141414,cafe
4616,0.464646,0.151515,hospital
4617,0.464646,0.161616,park
4618,0.464646,0.171717,cafe
4619,0.464646,0.181818,park
4620,0.464646,0.191919,park
4621,0.464646,0.202020,bank
4622,0.464646,0.212121,store
4623,0.464646,0.222222,park
4624,0.464646,0.232323,hospital
4625,0.464646,0.242424,bank
4626,0.464646,0.252525,restaurant
4627,0.464646,0.262626,store
4628,0.464646,0.272727,park
4629,0.464646,0.282828,pharmacy
4630,0.464646,0.292929,bank
4631,0.464646,0.303030,park
4632,0.464646,0.313131,park
4633,0.464646,0.323232,store
4634,0.464646,0.333333,restaurant
4635,0.464646,0.343434,restaurant
4636,0.464646,0.353535,pharmacy
4637,0.464646,0.363636,restaurant
4638,0.464646,0.373737,pharmacy
4639,0.464646,0.383838,school
4640,0.464646,0.393939,store
4641,0.464646,0.404040,store
4642,0.464646,0.414141,store
4643,0.464646,0.424242,bank
4644,0.464646,0.434343,school
4645,0.464646,0.444444,pharmacy
4646,0.464646,0.454545,hospital
4647,0.464646,0.464646,pharmacy
4648,0.464646,0.474747,bank
4649,0.464646,0.484848,school
4650,0.464646,0.494949,school
4651,0.464646,0.505051,school
4652,0.464646,0.515152,school
4653,0.464646,0.525253,cafe
4654,0.464646,0.535354,bank
4655,0.464646,0.545455,pharmacy
4656,0.464646,0.555556,bank
4657,0.464646,0.565657,pharmacy
4658,0.464646,0.575758,park
4659,0.464646,0.585859,pharmacy
4660,0.464646,0.595960,hospital
4661,0.464646,0.606061,school
4662,0.464646,0.616162,restaurant
4663,0.464646,0.626263,cafe
4664,0.464646,0.636364,hospital
4665,0.464646,0.646465,store
4666,0.464646,0.656566,school
4667,0.464646,0.666667,pharmacy
4668,0.464646,0.676768,store
4669,0.464646,0.686869,school
4670,0.464646,0.696970,restaurant
4671,0.464646,0.707071,store
4672,0.464646,0.717172,bank
4673,0.464646,0.727273,cafe
4674,0.464646,0.737374,store
4675,0.464646,0.747475,hospital
4676,0.464646,0.757576,store
4677,0.464646,0.767677,restaurant
4678,0.464646,0.777778,hospital
4679,0.464646,0.787879,school
4680,0.464646,0.797980,restaurant
4681,0.464646,0.808081,store
4682,0.464646,0.818182,restaurant
4683,0.464646,0.828283,store
4684,0.464646,0.838384,cafe
4685,0.464646,0.848485,restaurant
4686,0.464646,0.858586,school
4687,0.464646,0.868687,school
4688,0.464646,0.878788,hospital
4689,0.464646,0.888889,bank
4690,0.464646,0.898990,pharmacy
4691,0.464646,0.909091,hospital
4692,0.464646,0.919192,bank
4693,0.464646,0.929293,bank
4694,0.464646,0.939394,restaurant
4695,0.464646,0.949495,school
4696,0.464646,0.959596,pharmacy
4697,0.464646,0.969697,bank
4698,0.464646,0.979798,pharmacy
4699,0.464646,0.989899,store
4700,0.464646,1.000000,school
4701,0.474747,0.000000,store
4702,0.474747,0.010101,cafe
4703,0.474747,0.020202,cafe
4704,0.474747,0.030303,school
4705,0.474747,0.040404,hospital
4706,0.474747,0.050505,pharmacy
4707,0.474747,0.060606,school
4708,0.474747,0.070707,cafe
4709,0.474747,0.080808,restaurant
4710,0.474747,0.090909,restaurant
4711,0.474747,0.101010,restaurant
4712,0.474747,0.111111,store
4713,0.474747,0.121212,restaurant
4714,0.474747,0.131313,park
4715,0.474747,0.141414,hospital
4716,0.474747,0.151515,restaurant
4717,0.474747,0.161616,store
4718,0.474747,0.171717,pharmacy
4719,0.474747,0.181818,store
4720,0.474747,0.191919,pharmacy
4721,0.474747,0.202020,store
4722,0.474747,0.212121,store
4723,0.474747,0.222222,hospital
4724,0.474747,0.232323,cafe
4725,0.474747,0.242424,park
4726,0.474747,0.252525,cafe
4727,0.474747,0.262626,park
4728,0.474747,0.272727,bank
4729,0.474747,0.282828,hospital
4730,0.474747,0.292929,store
4731,0.474747,0.303030,hospital
4732,0.474747,0.313131,park
4733,0.474747,0.323232,park
4734,0.474747,0.333333,pharmacy
4735,0.474747,0.343434,cafe
4736,0.474747,0.353535,cafe
4737,0.474747,0.363636,school
4738,0.474747,0.373737,restaurant
4739,0.474747,0.383838,pharmacy
4740,0.474747,0.393939,hospital
4741,0.474747,0.404040,cafe
4742,0.474747,0.414141,restaurant
4743,0.474747,0.424242,store
4744,0.474747,0.434343,store
4745,0.474747,0.444444,store
4746,0.474747,0.454545,restaurant
4747,0.474747,0.464646,store
4748,0.474747,0.474747,cafe
4749,0.474747,0.484848,restaurant
4750,0.474747,0.494949,school
4751,0.474747,0.505051,cafe
4752,0.474747,0.515152,store
4753,0.474747,0.525253,bank
4754,0.474747,0.535354,restaurant
4755,0.474747,0.545455,bank
4756,0.474747,0.555556,park
4757,0.474747,0.565657,restaurant
4758,0.474747,0.575758,cafe
4759,0.474747,0.585859,pharmacy
4760,0.474747,0.595960,bank
4761,0.474747,0.606061,hospital
4762,0.474747,0.616162,bank
4763,0.474747,0.626263,bank
4764,0.474747,0.636364,restaurant
4765,0.474747,0.646465,hospital
4766,0.474747,0.656566,pharmacy
4767,0.474747,0.666667,restaurant
4768,0.474747,0.676768,cafe
4769,0.474747,0.686869,school
4770,0.474747,0.696970,bank
4771,0.474747,0.707071,school
4772,0.474747,0.717172,school
4773,0.474747,0.727273,bank
4774,0.474747,0.737374,cafe
4775,0.474747,0.747475,store
4776,0.474747,0.757576,bank
4777,0.474747,0.767677,store
4778,0.474747,0.777778,bank
4779,0.474747,0.787879,pharmacy
4780,0.474747,0.797980,park
4781,0.474747,0.808081,store
4782,0.474747,0.818182,cafe
4783,0.474747,0.828283,restaurant
4784,0.474747,0.838384,cafe
4785,0.474747,0.848485,hospital
4786,0.474747,0.858586,park
4787,0.474747,0.868687,hospital
4788,0.474747,0.878788,park
4789,0.474747,0.888889,hospital
4790,0.474747,0.898990,park
4791,0.474747,0.909091,restaurant
4792,0.474747,0.919192,pharmacy
4793,0.474747,0.929293,pharmacy
4794,0.474747,0.939394,bank
4795,0.474747,0.949495,cafe
4796,0.474747,0.959596,park
4797,0.474747,0.969697,cafe
4798,0.474747,0.979798,park
4799,0.474747,0.989899,store
4800,0.474747,1.000000,school
4801,0.484848,0.000000,school
4802,0.484848,0.010101,pharmacy
4803,0.484848,0.020202,store
4804,0.484848,0.030303,bank
4805,0.484848,0.040404,hospital
4806,0.484848,0.050505,store
4807,0.484848,0.060606,store
4808,0.484848,0.070707,bank
4809,0.484848,0.080808,restaurant
4810,0.484848,0.090909,store
4811,0.484848,0.101010,restaurant
4812,0.484848,0.111111,store
4813,0.484848,0.121212,cafe
4814,0.484848,0.131313,school
4815,0.484848,0.141414,store
4816,0.484848,0.151515,pharmacy
4817,0.484848,0.161616,pharmacy
4818,0.484848,0.171717,hospital
4819,0.484848,0.181818,park
4820,0.484848,0.191919,cafe
4821,0.484848,0.202020,pharmacy
4822,0.484848,0.212121,park
4823,0.484848,0.222222,school
4824,0.484848,0.232323,restaurant
4825,0.484848,0.242424,bank
4826,0.484848,0.252525,bank
4827,0.484848,0.262626,bank
4828,0.484848,0.272727,pharmacy
4829,0.484848,0.282828,cafe
4830,0.484848,0.292929,hospital
4831,0.484848,0.303030,pharmacy
4832,0.484848,0.313131,hospital
4833,0.484848,0.323232,school
4834,0.484848,0.333333,bank
4835,0.484848,0.343434,park
4836,0.484848,0.353535,school
4837,0.484848,0.363636,cafe
4838,0.484848,0.373737,park
4839,0.484848,0.383838,pharmacy
4840,0.484848,0.393939,school
4841,0.484848,0.404040,park
4842,0.484848,0.414141,cafe
4843,0.484848,0.424242,pharmacy
4844,0.484848,0.434343,cafe
4845,0.484848,0.444444,pharmacy
4846,0.484848,0.454545,store
4847,0.484848,0.464646,restaurant
4848,0.484848,0.474747,pharmacy
4849,0.484848,0.484848,store
4850,0.484848,0.494949,bank
4851,0.484848,0.505051,pharmacy
4852,0.484848,0.515152,pharmacy
4853,0.484848,0.525253,restaurant
4854,0.484848,0.535354,pharmacy
4855,0.484848,0.545455,hospital
4856,0.484848,0.555556,pharmacy
4857,0.484848,0.565657,school
4858,0.484848,0.575758,store
4859,0.484848,0.585859,park
4860,0.484848,0.595960,pharmacy
4861,0.484848,0.606061,bank
4862,0.484848,0.616162,pharmacy
4863,0.484848,0.626263,park
4864,0.484848,0.636364,hospital
4865,0.484848,0.646465,pharmacy
4866,0.484848,0.656566,pharmacy
4867,0.484848,0.666667,cafe
4868,0.484848,0.676768,cafe
4869,0.484848,0.686869,restaurant
4870,0.484848,0.696970,hospital
4871,0.484848,0.707071,cafe
4872,0.484848,0.717172,store
4873,0.484848,0.727273,school
4874,0.484848,0.737374,bank
4875,0.484848,0.747475,restaurant
4876,0.484848,0.757576,school
4877,0.484848,0.767677,school
4878,0.484848,0.777778,pharmacy
4879,0.484848,0.787879,school
4880,0.484848,0.797980,restaurant
4881,0.484848,0.808081,school
4882,0.484848,0.818182,bank
4883,0.484848,0.828283,pharmacy
4884,0.484848,0.838384,restaurant
4885,0.484848,0.848485,hospital
4886,0.484848,0.858586,store
4887,0.484848,0.868687,restaurant
4888,0.484848,0.878788,cafe
4889,0.484848,0.888889,school
4890,0.484848,0.898990,park
4891,0.484848,0.909091,store
4892,0.484848,0.919192,store
4893,0.484848,0.929293,bank
4894,0.484848,0.939394,pharmacy
4895,0.484848,0.949495,restaurant
4896,0.484848,0.959596,cafe
4897,0.484848,0.969697,cafe
4898,0.484848,0.979798,school
4899,0.484848,0.989899,hospital
4900,0.484848,1.000000,hospital
4901,0.494949,0.000000,pharmacy
4902,0.494949,0.010101,park
4903,0.494949,0.020202,park
4904,0.494949,0.030303,bank
4905,0.494949,0.040404,pharmacy
4906,0.494949,0.050505,bank
4907,0.494949,0.060606,cafe
4908,0.494949,0.070707,hospital
4909,0.494949,0.080808,store
4910,0.494949,0.090909,pharmacy
4911,0.494949,0.101010,park
4912,0.494949,0.111111,park
4913,0.494949,0.121212,bank
4914,0.494949,0.131313,school
4915,0.494949,0.141414,bank
4916,0.494949,0.151515,cafe
4917,0.494949,0.161616,school
4918,0.494949,0.171717,store
4919,0.494949,0.181818,pharmacy
4920,0.494949,0.191919,hospital
4921,0.494949,0.202020,restaurant
4922,0.494949,0.212121,pharmacy
4923,0.494949,0.222222,cafe
4924,0.494949,0.232323,restaurant
4925,0.494949,0.242424,hospital
4926,0.494949,0.252525,bank
4927,0.494949,0.262626,store
4928,0.494949,0.272727,park
4929,0.494949,0.282828,bank
4930,0.494949,0.292929,park
4931,0.494949,0.303030,school
4932,0.494949,0.313131,cafe
4933,0.494949,0.323232,cafe
4934,0.494949,0.333333,store
4935,0.494949,0.343434,pharmacy
4936,0.494949,0.353535,hospital
4937,0.494949,0.363636,cafe
4938,0.494949,0.373737,park
4939,0.494949,0.383838,bank
4940,0.494949,0.393939,hospital
4941,0.494949,0.404040,park
4942,0.494949,0.414141,hospital
4943,0.494949,0.424242,cafe
4944,0.494949,0.434343,store
4945,0.494949,0.444444,school
4946,0.494949,0.454545,store
4947,0.494949,0.464646,bank
4948,0.494949,0.474747,bank
4949,0.494949,0.484848,cafe
4950,0.494949,0.494949,restaurant
4951,0.494949,0.505051,pharmacy
4952,0.494949,0.515152,store
4953,0.494949,0.525253,store
4954,0.494949,0.535354,park
4955,0.494949,0.545455,bank
4956,0.494949,0.555556,pharmacy
4957,0.494949,0.565657,store
4958,0.494949,0.575758,hospital
4959,0.494949,0.585859,pharmacy
4960,0.494949,0.595960,school
4961,0.494949,0.606061,park
4962,0.494949,0.616162,school
4963,0.494949,0.626263,bank
4964,0.494949,0.636364,bank
4965,0.494949,0.646465,school
4966,0.494949,0.656566,restaurant
4967,0.494949,0.666667,cafe
4968,0.494949,0.676768,pharmacy
4969,0.494949,0.686869,park
4970,0.494949,0.696970,school
4971,0.494949,0.707071,park
4972,0.494949,0.717172,restaurant
4973,0.494949,0.727273,store
4974,0.494949,0.737374,store
4975,0.494949,0.747475,cafe
4976,0.494949,0.757576,cafe
4977,0.494949,0.767677,bank
4978,0.494949,0.777778,cafe
4979,0.494949,0.787879,park
4980,0.494949,0.797980,store
4981,0.494949,0.808081,cafe
4982,0.494949,0.818182,school
4983,0.494949,0.828283,restaurant
4984,0.494949,0.838384,bank
4985,0.494949,0.848485,school
4986,0.494949,0.858586,cafe
4987,0.494949,0.868687,pharmacy
4988,0.494949,0.878788,park
4989,0.494949,0.888889,pharmacy
4990,0.494949,0.898990,store
4991,0.494949,0.909091,school
4992,0.494949,0.919192,bank
4993,0.494949,0.929293,school
4994,0.494949,0.939394,park
4995,0.494949,0.949495,cafe
4996,0.494949,0.959596,hospital
4997,0.494949,0.969697,park
4998,0.494949,0.979798,cafe
4999,0.494949,0.989899,park
5000,0.494949,1.000000,store
5001,0.505051,0.000000,hospital
5002,0.505051,0.010101,bank
5003,0.505051,0.020202,hospital
5004,0.505051,0.030303,store
5005,0.505051,0.040404,cafe
5006,0.505051,0.050505,park
5007,0.505051,0.060606,pharmacy
5008,0.505051,0.070707,park
5009,0.505051,0.080808,store
5010,0.505051,0.090909,restaurant
5011,0.505051,0.101010,restaurant
5012,0.505051,0.111111,restaurant
5013,0.505051,0.121212,park
5014,0.505051,0.131313,school
5015,0.505051,0.141414,pharmacy
5016,0.505051,0.151515,pharmacy
5017,0.505051,0.161616,bank
5018,0.505051,0.171717,bank
5019,0.505051,0.181818,cafe
5020,0.505051,0.191919,store
5021,0.505051,0.202020,cafe
5022,0.505051,0.212121,school
5023,0.505051,0.222222,bank
5024,0.505051,0.232323,restaurant
5025,0.505051,0.242424,pharmacy
5026,0.505051,0.252525,store
5027,0.505051,0.262626,store
5028,0.505051,0.272727,bank
5029,0.505051,0.282828,park
5030,0.505051,0.292929,hospital
5031,0.505051,0.303030,cafe
5032,0.505051,0.313131,hospital
5033,0.505051,0.323232,bank
5034,0.505051,0.333333,store
5035,0.505051,0.343434,hospital
5036,0.505051,0.353535,park
5037,0.505051,0.363636,cafe
5038,0.505051,0.373737,cafe
5039,0.505051,0.383838,park
5040,0.505051,0.393939,store
5041,0.505051,0.404040,hospital
5042,0.505051,0.414141,cafe
5043,0.505051,0.424242,park
5044,0.505051,0.434343,bank
5045,0.505051,0.444444,cafe
5046,0.505051,0.454545,park
5047,0.505051,0.464646,cafe
5048,0.505051,0.474747,park
5049,0.505051,0.484848,pharmacy
5050,0.505051,0.494949,store
5051,0.505051,0.505051,cafe
5052,0.505051,0.515152,pharmacy
5053,0.505051,0.525253,cafe
5054,0.505051,0.535354,store
5055,0.505051,0.545455,store
5056,0.505051,0.555556,school
5057,0.505051,0.565657,store
5058,0.505051,0.575758,cafe
5059,0.505051,0.585859,park
5060,0.505051,0.595960,pharmacy
5061,0.505051,0.606061,hospital
5062,0.505051,0.616162,school
5063,0.505051,0.626263,cafe
5064,0.505051,0.636364,store
5065,0.505051,0.646465,restaurant
5066,0.505051,0.656566,bank
5067,0.505051,0.666667,restaurant
5068,0.505051,0.676768,pharmacy
5069,0.505051,0.686869,park
5070,0.505051,0.696970,park
5071,0.505051,0.707071,hospital
5072,0.505051,0.717172,restaurant
5073,0.505051,0.727273,hospital
5074,0.505051,0.737374,hospital
5075,0.505051,0.747475,hospital
5076,0.505051,0.757576,pharmacy
5077,0.505051,0.767677,pharmacy
5078,0.505051,0.777778,cafe
5079,0.505051,0.787879,store
5080,0.505051,0.797980,school
5081,0.505051,0.808081,school
5082,0.505051,0.818182,restaurant
5083,0.505051,0.828283,park
5084,0.505051,0.838384,restaurant
5085,0.505051,0.848485,hospital
5086,0.505051,0.858586,hospital
5087,0.505051,0.868687,hospital
5088,0.505051,0.878788,restaurant
5089,0.505051,0.888889,bank
5090,0.505051,0.898990,bank
5091,0.505051,0.909091,store
5092,0.505051,0.919192,school
5093,0.505051,0.929293,bank
5094,0.505051,0.939394,pharmacy
5095,0.505051,0.949495,store
5096,0.505051,0.959596,hospital
5097,0.505051,0.969697,pharmacy
5098,0.505051,0.979798,school
5099,0.505051,0.989899,store
5100,0.505051,1.000000,pharmacy
5101,0.515152,0.000000,store
5102,0.515152,0.010101,restaurant
5103,0.515152,0.020202,hospital
5104,0.515152,0.030303,store
5105,0.515152,0.040404,hospital
5106,0.515152,0.050505,school
5107,0.515152,0.060606,school
5108,0.515152,0.070707,bank
5109,0.515152,0.080808,park
5110,0.515152,0.090909,bank
5111,0.515152,0.101010,hospital
5112,0.515152,0.111111,park
5113,0.515152,0.121212,school
5114,0.515152,0.131313,school
5115,0.515152,0.141414,hospital
5116,0.515152,0.151515,pharmacy
5117,0.515152,0.161616,school
5118,0.515152,0.171717,bank
5119,0.515152,0.181818,store
5120,0.515152,0.191919,pharmacy
5121,0.515152,0.202020,school
5122,0.515152,0.212121,hospital
5123,0.515152,0.222222,cafe
5124,0.515152,0.232323,bank
5125,0.515152,0.242424,hospital
5126,0.515152,0.252525,store
5127,0.515152,0.262626,bank
5128,0.515152,0.272727,store
5129,0.515152,0.282828,store
5130,0.515152,0.292929,park
5131,0.515152,0.303030,school
5132,0.515152,0.313131,hospital
5133,0.515152,0.323232,restaurant
5134,0.515152,0.333333,restaurant
5135,0.515152,0.343434,cafe
5136,0.515152,0.353535,school
5137,0.515152,0.363636,school
5138,0.515152,0.373737,pharmacy
5139,0.515152,0.383838,hospital
5140,0.515152,0.393939,park
5141,0.515152,0.404040,school
5142,0.515152,0.414141,park
5143,0.515152,0.424242,cafe
5144,0.515152,0.434343,hospital
5145,0.515152,0.444444,hospital
5146,0.515152,0.454545,store
5147,0.515152,0.464646,pharmacy
5148,0.515152,0.474747,park
5149,0.515152,0.484848,cafe
5150,0.515152,0.494949,store
5151,0.515152,0.505051,hospital
5152,0.515152,0.515152,restaurant
5153,0.515152,0.525253,store
5154,0.515152,0.535354,cafe
5155,0.515152,0.545455,bank
5156,0.515152,0.555556,bank
5157,0.515152,0.565657,store
5158,0.515152,0.575758,cafe
5159,0.515152,0.585859,park
5160,0.515152,0.595960,hospital
5161,0.515152,0.606061,bank
5162,0.515152,0.616162,bank
5163,0.515152,0.626263,park
5164,0.515152,0.636364,restaurant
5165,0.515152,0.646465,bank
5166,0.515152,0.656566,bank
5167,0.515152,0.666667,bank
5168,0.515152,0.676768,bank
5169,0.515152,0.686869,school
5170,0.515152,0.696970,school
5171,0.515152,0.707071,restaurant
5172,0.515152,0.717172,bank
5173,0.515152,0.727273,park
5174,0.515152,0.737374,pharmacy
5175,0.515152,0.747475,store
5176,0.515152,0.757576,pharmacy
5177,0.515152,0.767677,park
5178,0.515152,0.777778,pharmacy
5179,0.515152,0.787879,hospital
5180,0.515152,0.797980,pharmacy
5181,0.515152,0.808081,hospital
5182,0.515152,0.818182,park
5183,0.515152,0.828283,school
5184,0.515152,0.838384,park
5185,0.515152,0.848485,school
5186,0.515152,0.858586,park
5187,0.515152,0.868687,cafe
5188,0.515152,0.878788,park
5189,0.515152,0.888889,bank
5190,0.515152,0.898990,cafe
5191,0.515152,0.909091,store
5192,0.515152,0.919192,park
5193,0.515152,0.929293,pharmacy
5194,0.515152,0.939394,store
5195,0.515152,0.949495,store
5196,0.515152,0.959596,pharmacy
5197,0.515152,0.969697,pharmacy
5198,0.515152,0.979798,school
5199,0.515152,0.989899,store
5200,0.515152,1.000000,cafe
5201,0.525253,0.000000,cafe
5202,0.525253,0.010101,restaurant
5203,0.525253,0.020202,store
5204,0.525253,0.030303,school
5205,0.525253,0.040404,hospital
5206,0.525253,0.050505,school
5207,0.525253,0.060606,bank
5208,0.525253,0.070707,store
5209,0.525253,0.080808,pharmacy
5210,0.525253,0.090909,cafe
5211,0.525253,0.101010,store
5212,0.525253,0.111111,school
5213,0.525253,0.121212,hospital
5214,0.525253,0.131313,school
5215,0.525253,0.141414,cafe
5216,0.525253,0.151515,bank
5217,0.525253,0.161616,bank
5218,0.525253,0.171717,pharmacy
5219,0.525253,0.181818,school
5220,0.525253,0.191919,restaurant
5221,0.525253,0.202020,store
5222,0.525253,0.212121,pharmacy
5223,0.525253,0.222222,cafe
5224,0.525253,0.232323,pharmacy
5225,0.525253,0.242424,pharmacy
5226,0.525253,0.252525,restaurant
5227,0.525253,0.262626,restaurant
5228,0.525253,0.272727,restaurant
5229,0.525253,0.282828,hospital
5230,0.525253,0.292929,store
5231,0.525253,0.303030,school
5232,0.525253,0.313131,bank
5233,0.525253,0.323232,school
5234,0.525253,0.333333,cafe
5235,0.525253,0.343434,store
5236,0.525253,0.353535,restaurant
5237,0.525253,0.363636,store
5238,0.525253,0.373737,store
5239,0.525253,0.383838,bank
5240,0.525253,0.393939,bank
5241,0.525253,0.404040,restaurant
5242,0.525253,0.414141,school
5243,0.525253,0.424242,restaurant
5244,0.525253,0.434343,hospital
5245,0.525253,0.444444,hospital
5246,0.525253,0.454545,cafe
5247,0.525253,0.464646,park
5248,0.525253,0.474747,hospital
5249,0.525253,0.484848,pharmacy
5250,0.525253,0.494949,school
5251,0.525253,0.505051,cafe
5252,0.525253,0.515152,restaurant
5253,0.525253,0.525253,park
5254,0.525253,0.535354,restaurant
5255,0.525253,0.545455,restaurant
5256,0.525253,0.555556,pharmacy
5257,0.525253,0.565657,bank
5258,0.525253,0.575758,pharmacy
5259,0.525253,0.585859,hospital
5260,0.525253,0.595960,park
5261,0.525253,0.606061,bank
5262,0.525253,0.616162,school
5263,0.525253,0.626263,cafe
5264,0.525253,0.636364,bank
5265,0.525253,0.646465,park
5266,0.525253,0.656566,bank
5267,0.525253,0.666667,school
5268,0.525253,0.676768,school
5269,0.525253,0.686869,restaurant
5270,0.525253,0.696970,store
5271,0.525253,0.707071,hospital
5272,0.525253,0.717172,store
5273,0.525253,0.727273,school
5274,0.525253,0.737374,restaurant
5275,0.525253,0.747475,restaurant
5276,0.525253,0.757576,store
5277,0.525253,0.767677,pharmacy
5278,0.525253,0.777778,hospital
5279,0.525253,0.787879,school
5280,0.525253,0.797980,pharmacy
5281,0.525253,0.808081,school
5282,0.525253,0.818182,pharmacy
5283,0.525253,0.828283,cafe
5284,0.525253,0.838384,cafe
5285,0.525253,0.848485,school
5286,0.525253,0.858586,bank
5287,0.525253,0.868687,hospital
5288,0.525253,0.878788,store
5289,0.525253,0.888889,restaurant
5290,0.525253,0.898990,hospital
5291,0.525253,0.909091,store
5292,0.525253,0.919192,store
5293,0.525253,0.929293,hospital
5294,0.525253,0.939394,school
5295,0.525253,0.949495,cafe
5296,0.525253,0.959596,bank
5297,0.525253,0.969697,hospital
5298,0.525253,0.979798,bank
5299,0.525253,0.989899,cafe
5300,0.525253,1.000000,pharmacy
5301,0.535354,0.000000,bank
5302,0.535354,0.010101,pharmacy
5303,0.535354,0.020202,bank
5304,0.535354,0.030303,store
5305,0.535354,0.040404,pharmacy
5306,0.535354,0.050505,school
5307,0.535354,0.060606,bank
5308,0.535354,0.070707,pharmacy
5309,0.535354,0.080808,restaurant
5310,0.535354,0.090909,hospital
5311,0.535354,0.101010,restaurant
5312,0.535354,0.111111,restaurant
5313,0.535354,0.121212,hospital
5314,0.535354,0.131313,bank
5315,0.535354,0.141414,hospital
5316,0.535354,0.151515,school
5317,0.535354,0.161616,store
5318,0.535354,0.171717,bank
5319,0.535354,0.181818,pharmacy
5320,0.535354,0.191919,park
5321,0.535354,0.202020,store
5322,0.535354,0.212121,bank
5323,0.535354,0.222222,restaurant
5324,0.535354,0.232323,restaurant
5325,0.535354,0.242424,cafe
5326,0.535354,0.252525,pharmacy
5327,0.535354,0.262626,hospital
5328,0.535354,0.272727,hospital
5329,0.535354,0.282828,restaurant
5330,0.535354,0.292929,hospital
5331,0.535354,0.303030,restaurant
5332,0.535354,0.313131,store
5333,0.535354,0.323232,hospital
5334,0.535354,0.333333,park
5335,0.535354,0.343434,park
5336,0.535354,0.353535,bank
5337,0.535354,0.363636,store
5338,0.535354,0.373737,store
5339,0.535354,0.383838,cafe
5340,0.535354,0.393939,pharmacy
5341,0.535354,0.404040,store
5342,0.535354,0.414141,cafe
5343,0.535354,0.424242,hospital
5344,0.535354,0.434343,restaurant
5345,0.535354,0.444444,hospital
5346,0.535354,0.454545,park
5347,0.535354,0.464646,bank
5348,0.535354,0.474747,bank
5349,0.535354,0.484848,bank
5350,0.535354,0.494949,park
5351,0.535354,0.505051,park
5352,0.535354,0.515152,pharmacy
5353,0.535354,0.525253,pharmacy
5354,0.535354,0.535354,pharmacy
5355,0.535354,0.545455,school
5356,0.535354,0.555556,bank
5357,0.535354,0.565657,store
5358,0.535354,0.575758,restaurant
5359,0.535354,0.585859,cafe
5360,0.535354,0.595960,pharmacy
5361,0.535354,0.606061,pharmacy
5362,0.535354,0.616162,restaurant
5363,0.535354,0.626263,cafe
5364,0.535354,0.636364,bank
5365,0.535354,0.646465,school
5366,0.535354,0.656566,cafe
5367,0.535354,0.666667,school
5368,0.535354,0.676768,store
5369,0.535354,0.686869,school
5370,0.535354,0.696970,cafe
5371,0.535354,0.707071,school
5372,0.535354,0.717172,park
5373,0.535354,0.727273,school
5374,0.535354,0.737374,restaurant
5375,0.535354,0.747475,cafe
5376,0.535354,0.757576,park
5377,0.535354,0.767677,hospital
5378,0.535354,0.777778,pharmacy
5379,0.535354,0.787879,cafe
5380,0.535354,0.797980,park
5381,0.535354,0.808081,park
5382,0.535354,0.818182,park
5383,0.535354,0.828283,bank
5384,0.535354,0.838384,school
5385,0.535354,0.848485,park
5386,0.535354,0.858586,pharmacy
5387,0.535354,0.868687,bank
5388,0.535354,0.878788,cafe
5389,0.535354,0.888889,hospital
5390,0.535354,0.898990,park
5391,0.535354,0.909091,restaurant
5392,0.535354,0.919192,pharmacy
5393,0.535354,0.929293,park
5394,0.535354,0.939394,restaurant
5395,0.535354,0.949495,restaurant
5396,0.535354,0.959596,school
5397,0.535354,0.969697,hospital
5398,0.535354,0.979798,cafe
5399,0.535354,0.989899,bank
5400,0.535354,1.000000,store
5401,0.545455,0.000000,park
5402,0.545455,0.010101,store
5403,0.545455,0.020202,hospital
5404,0.545455,0.030303,bank
5405,0.545455,0.040404,park
5406,0.545455,0.050505,school
5407,0.545455,0.060606,cafe
5408,0.545455,0.070707,restaurant
5409,0.545455,0.080808,restaurant
5410,0.545455,0.090909,store
5411,0.545455,0.101010,pharmacy
5412,0.545455,0.111111,cafe
5413,0.545455,0.121212,pharmacy
5414,0.545455,0.131313,pharmacy
5415,0.545455,0.141414,park
5416,0.545455,0.151515,restaurant
5417,0.545455,0.161616,cafe
5418,0.545455,0.171717,cafe
5419,0.545455,0.181818,store
5420,0.545455,0.191919,hospital
5421,0.545455,0.202020,school
5422,0.545455,0.212121,bank
5423,0.545455,0.222222,park
5424,0.545455,0.232323,park
5425,0.545455,0.242424,store
5426,0.545455,0.252525,park
5427,0.545455,0.262626,school
5428,0.545455,0.272727,store
5429,0.545455,0.282828,restaurant
5430,0.545455,0.292929,hospital
5431,0.545455,0.303030,cafe
5432,0.545455,0.313131,pharmacy
5433,0.545455,0.323232,cafe
5434,0.545455,0.333333,hospital
5435,0.545455,0.343434,store
5436,0.545455,0.353535,bank
5437,0.545455,0.363636,cafe
5438,0.545455,0.373737,restaurant
5439,0.545455,0.383838,store
5440,0.545455,0.393939,bank
5441,0.545455,0.404040,bank
5442,0.545455,0.414141,cafe
5443,0.545455,0.424242,restaurant
5444,0.545455,0.434343,park
5445,0.545455,0.444444,pharmacy
5446,0.545455,0.454545,restaurant
5447,0.545455,0.464646,bank
5448,0.545455,0.474747,restaurant
5449,0.545455,0.484848,bank
5450,0.545455,0.494949,park
5451,0.545455,0.505051,school
5452,0.545455,0.515152,bank
5453,0.545455,0.525253,park
5454,0.545455,0.535354,school
5455,0.545455,0.545455,hospital
5456,0.545455,0.555556,hospital
5457,0.545455,0.565657,store
5458,0.545455,0.575758,park
5459,0.545455,0.585859,cafe
5460,0.545455,0.595960,pharmacy
5461,0.545455,0.606061,park
5462,0.545455,0.616162,park
5463,0.545455,0.626263,park
5464,0.545455,0.636364,restaurant
5465,0.545455,0.646465,hospital
5466,0.545455,0.656566,restaurant
5467,0.545455,0.666667,bank
5468,0.545455,0.676768,park
5469,0.545455,0.686869,park
5470,0.545455,0.696970,bank
5471,0.545455,0.707071,school
5472,0.545455,0.717172,park
5473,0.545455,0.727273,hospital
5474,0.545455,0.737374,bank
5475,0.545455,0.747475,school
5476,0.545455,0.757576,school
5477,0.545455,0.767677,bank
5478,0.545455,0.777778,cafe
5479,0.545455,0.787879,park
5480,0.545455,0.797980,school
5481,0.545455,0.808081,pharmacy
5482,0.545455,0.818182,restaurant
5483,0.545455,0.828283,hospital
5484,0.545455,0.838384,restaurant
5485,0.545455,0.848485,bank
5486,0.545455,0.858586,pharmacy
5487,0.545455,0.868687,cafe
5488,0.545455,0.878788,cafe
5489,0.545455,0.888889,pharmacy
5490,0.545455,0.898990,cafe
5491,0.545455,0.909091,restaurant
5492,0.545455,0.919192,pharmacy
5493,0.545455,0.929293,restaurant
5494,0.545455,0.939394,cafe
5495,0.545455,0.949495,restaurant
5496,0.545455,0.959596,bank
5497,0.545455,0.969697,store
5498,0.545455,0.979798,cafe
5499,0.545455,0.989899,cafe
5500,0.545455,1.000000,restaurant
5501,0.555556,0.000000,bank
5502,0.555556,0.010101,bank
5503,0.555556,0.020202,school
5504,0.555556,0.030303,school
5505,0.555556,0.040404,hospital
5506,0.555556,0.050505,bank
5507,0.555556,0.060606,bank
5508,0.555556,0.070707,school
5509,0.555556,0.080808,restaurant
5510,0.555556,0.090909,pharmacy
5511,0.555556,0.101010,bank
5512,0.555556,0.111111,restaurant
5513,0.555556,0.121212,school
5514,0.555556,0.131313,school
5515,0.555556,0.141414,restaurant
5516,0.555556,0.151515,park
5517,0.555556,0.161616,bank
5518,0.555556,0.171717,hospital
5519,0.555556,0.181818,hospital
5520,0.555556,0.191919,cafe
5521,0.555556,0.202020,park
5522,0.555556,0.212121,store
5523,0.555556,0.222222,bank
5524,0.555556,0.232323,school
5525,0.555556,0.242424,park
5526,0.555556,0.252525,park
5527,0.555556,0.262626,park
5528,0.555556,0.272727,restaurant
5529,0.555556,0.282828,hospital
5530,0.555556,0.292929,restaurant
5531,0.555556,0.303030,school
5532,0.555556,0.313131,hospital
5533,0.555556,0.323232,school
5534,0.555556,0.333333,pharmacy
5535,0.555556,0.343434,park
5536,0.555556,0.353535,school
5537,0.555556,0.363636,school
5538,0.555556,0.373737,cafe
5539,0.555556,0.383838,bank
5540,0.555556,0.393939,school
5541,0.555556,0.404040,school
5542,0.555556,0.414141,cafe
5543,0.555556,0.424242,school
5544,0.555556,0.434343,cafe
5545,0.555556,0.444444,store
5546,0.555556,0.454545,school
5547,0.555556,0.464646,cafe
5548,0.555556,0.474747,store
5549,0.555556,0.484848,hospital
5550,0.555556,0.494949,park
5551,0.555556,0.505051,bank
5552,0.555556,0.515152,restaurant
5553,0.555556,0.525253,hospital
5554,0.555556,0.535354,store
5555,0.555556,0.545455,pharmacy
5556,0.555556,0.555556,cafe
5557,0.555556,0.565657,hospital
5558,0.555556,0.575758,park
5559,0.555556,0.585859,school
5560,0.555556,0.595960,store
5561,0.555556,0.606061,park
5562,0.555556,0.616162,bank
5563,0.555556,0.626263,park
5564,0.555556,0.636364,hospital
5565,0.555556,0.646465,pharmacy
5566,0.555556,0.656566,restaurant
5567,0.555556,0.666667,hospital
5568,0.555556,0.676768,hospital
5569,0.555556,0.686869,school
5570,0.555556,0.696970,restaurant
5571,0.555556,0.707071,school
5572,0.555556,0.717172,school
5573,0.555556,0.727273,bank
5574,0.555556,0.737374,pharmacy
5575,0.555556,0.747475,pharmacy
5576,0.555556,0.757576,restaurant
5577,0.555556,0.767677,park
5578,0.555556,0.777778,pharmacy
5579,0.555556,0.787879,hospital
5580,0.555556,0.797980,bank
5581,0.555556,0.808081,park
5582,0.555556,0.818182,store
5583,0.555556,0.828283,store
5584,0.555556,0.838384,store
5585,0.555556,0.848485,park
5586,0.555556,0.858586,bank
5587,0.555556,0.868687,park
5588,0.555556,0.878788,pharmacy
5589,0.555556,0.888889,school
5590,0.555556,0.898990,park
5591,0.555556,0.909091,cafe
5592,0.555556,0.919192,store
5593,0.555556,0.929293,pharmacy
5594,0.555556,0.939394,bank
5595,0.555556,0.949495,pharmacy
5596,0.555556,0.959596,school
5597,0.555556,0.969697,park
5598,0.555556,0.979798,restaurant
5599,0.555556,0.989899,pharmacy
5600,0.555556,1.000000,restaurant
5601,0.565657,0.000000,hospital
5602,0.565657,0.010101,school
5603,0.565657,0.020202,school
5604,0.565657,0.030303,bank
5605,0.565657,0.040404,pharmacy
5606,0.565657,0.050505,pharmacy
5607,0.565657,0.060606,park
5608,0.565657,0.070707,school
5609,0.565657,0.080808,cafe
5610,0.565657,0.090909,park
5611,0.565657,0.101010,school
5612,0.565657,0.111111,hospital
5613,0.565657,0.121212,cafe
5614,0.565657,0.131313,restaurant
5615,0.565657,0.141414,pharmacy
5616,0.565657,0.151515,bank
5617,0.565657,0.161616,hospital
5618,0.565657,0.171717,store
5619,0.565657,0.181818,store
5620,0.565657,0.191919,park
5621,0.565657,0.202020,bank
5622,0.565657,0.212121,pharmacy
5623,0.565657,0.222222,store
5624,0.565657,0.232323,store
5625,0.565657,0.242424,cafe
5626,0.565657,0.252525,restaurant
5627,0.565657,0.262626,store
5628,0.565657,0.272727,store
5629,0.565657,0.282828,restaurant
5630,0.565657,0.292929,bank
5631,0.565657,0.303030,store
5632,0.565657,0.313131,school
5633,0.565657,0.323232,bank
5634,0.565657,0.333333,hospital
5635,0.565657,0.343434,school
5636,0.565657,0.353535,pharmacy
5637,0.565657,0.363636,restaurant
5638,0.565657,0.373737,store
5639,0.565657,0.383838,restaurant
5640,0.565657,0.393939,school
5641,0.565657,0.404040,store
5642,0.565657,0.414141,restaurant
5643,0.565657,0.424242,pharmacy
5644,0.565657,0.434343,school
5645,0.565657,0.444444,park
5646,0.565657,0.454545,store
5647,0.565657,0.464646,school
5648,0.565657,0.474747,cafe
5649,0.565657,0.484848,hospital
5650,0.565657,0.494949,pharmacy
5651,0.565657,0.505051,bank
5652,0.565657,0.515152,restaurant
5653,0.565657,0.525253,park
5654,0.565657,0.535354,restaurant
5655,0.565657,0.545455,cafe
5656,0.565657,0.555556,pharmacy
5657,0.565657,0.565657,park
5658,0.565657,0.575758,pharmacy
5659,0.565657,0.585859,bank
5660,0.565657,0.595960,park
5661,0.565657,0.606061,hospital
5662,0.565657,0.616162,hospital
5663,0.565657,0.626263,restaurant
5664,0.565657,0.636364,park
5665,0.565657,0.646465,hospital
5666,0.565657,0.656566,store
5667,0.565657,0.666667,store
5668,0.565657,0.676768,school
5669,0.565657,0.686869,hospital
5670,0.565657,0.696970,school
5671,0.565657,0.707071,hospital
5672,0.565657,0.717172,pharmacy
5673,0.565657,0.727273,pharmacy
5674,0.565657,0.737374,hospital
5675,0.565657,0.747475,store
5676,0.565657,0.757576,cafe
5677,0.565657,0.767677,cafe
5678,0.565657,0.777778,bank
5679,0.565657,0.787879,hospital
5680,0.565657,0.797980,pharmacy
5681,0.565657,0.808081,cafe
5682,0.565657,0.818182,store
5683,0.565657,0.828283,restaurant
5684,0.565657,0.838384,park
5685,0.565657,0.848485,cafe
5686,0.565657,0.858586,restaurant
5687,0.565657,0.868687,school
5688,0.565657,0.878788,hospital
5689,0.565657,0.888889,cafe
5690,0.565657,0.898990,park
5691,0.565657,0.909091,restaurant
5692,0.565657,0.919192,park
5693,0.565657,0.929293,park
5694,0.565657,0.939394,pharmacy
5695,0.565657,0.949495,park
5696,0.565657,0.959596,bank
5697,0.565657,0.969697,bank
5698,0.565657,0.979798,bank
5699,0.565657,0.989899,cafe
5700,0.565657,1.000000,cafe
5701,0.575758,0.000000,store
5702,0.575758,0.010101,bank
5703,0.575758,0.020202,restaurant
5704,0.575758,0.030303,park
5705,0.575758,0.040404,school
5706,0.575758,0.050505,store
5707,0.575758,0.060606,store
5708,0.575758,0.070707,hospital
5709,0.575758,0.080808,restaurant
5710,0.575758,0.090909,bank
5711,0.575758,0.101010,school
5712,0.575758,0.111111,restaurant
5713,0.575758,0.121212,bank
5714,0.575758,0.131313,hospital
5715,0.575758,0.141414,store
5716,0.575758,0.151515,cafe
5717,0.575758,0.161616,cafe
5718,0.575758,0.171717,hospital
5719,0.575758,0.181818,store
5720,0.575758,0.191919,park
5721,0.575758,0.202020,bank
5722,0.575758,0.212121,pharmacy
5723,0.575758,0.222222,bank
5724,0.575758,0.232323,pharmacy
5725,0.575758,0.242424,hospital
5726,0.575758,0.252525,pharmacy
5727,0.575758,0.262626,hospital
5728,0.575758,0.272727,hospital
5729,0.575758,0.282828,store
5730,0.575758,0.292929,store
5731,0.575758,0.303030,cafe
5732,0.575758,0.313131,school
5733,0.575758,0.323232,store
5734,0.575758,0.333333,store
5735,0.575758,0.343434,bank
5736,0.575758,0.353535,cafe
5737,0.575758,0.363636,pharmacy
5738,0.575758,0.373737,school
5739,0.575758,0.383838,restaurant
5740,0.575758,0.393939,school
5741,0.575758,0.404040,school
5742,0.575758,0.414141,school
5743,0.575758,0.424242,restaurant
5744,0.575758,0.434343,bank
5745,0.575758,0.444444,store
5746,0.575758,0.454545,bank
5747,0.575758,0.464646,restaurant
5748,0.575758,0.474747,store
5749,0.575758,0.484848,school
5750,0.575758,0.494949,hospital
5751,0.575758,0.505051,pharmacy
5752,0.575758,0.515152,hospital
5753,0.575758,0.525253,hospital
5754,0.575758,0.535354,pharmacy
5755,0.575758,0.545455,restaurant
5756,0.575758,0.555556,restaurant
5757,0.575758,0.565657,hospital
5758,0.575758,0.575758,hospital
5759,0.575758,0.585859,park
5760,0.575758,0.595960,hospital
5761,0.575758,0.606061,pharmacy
5762,0.575758,0.616162,school
5763,0.575758,0.626263,school
5764,0.575758,0.636364,restaurant
5765,0.575758,0.646465,school
5766,0.575758,0.656566,park
5767,0.575758,0.666667,cafe
5768,0.575758,0.676768,park
5769,0.575758,0.686869,cafe
5770,0.575758,0.696970,restaurant
5771,0.575758,0.707071,park
5772,0.575758,0.717172,cafe
5773,0.575758,0.727273,pharmacy
5774,0.575758,0.737374,hospital
5775,0.575758,0.747475,restaurant
5776,0.575758,0.757576,bank
5777,0.575758,0.767677,park
5778,0.575758,0.777778,store
5779,0.575758,0.787879,pharmacy
5780,0.575758,0.797980,park
5781,0.575758,0.808081,hospital
5782,0.575758,0.818182,school
5783,0.575758,0.828283,store
5784,0.575758,0.838384,hospital
5785,0.575758,0.848485,bank
5786,0.575758,0.858586,cafe
5787,0.575758,0.868687,hospital
5788,0.575758,0.878788,restaurant
5789,0.575758,0.888889,restaurant
5790,0.575758,0.898990,pharmacy
5791,0.575758,0.909091,hospital
5792,0.575758,0.919192,school
5793,0.575758,0.929293,school
5794,0.575758,0.939394,bank
5795,0.575758,0.949495,cafe
5796,0.575758,0.959596,store
5797,0.575758,0.969697,hospital
5798,0.575758,0.979798,school
5799,0.575758,0.989899,cafe
5800,0.575758,1.000000,bank
5801,0.585859,0.000000,pharmacy
5802,0.585859,0.010101,restaurant
5803,0.585859,0.020202,cafe
5804,0.585859,0.030303,store
5805,0.585859,0.040404,school
5806,0.585859,0.050505,park
5807,0.585859,0.060606,park
5808,0.585859,0.070707,bank
5809,0.585859,0.080808,pharmacy
5810,0.585859,0.090909,restaurant
5811,0.585859,0.101010,cafe
5812,0.585859,0.111111,hospital
5813,0.585859,0.121212,school
5814,0.585859,0.131313,bank
5815,0.585859,0.141414,store
5816,0.585859,0.151515,restaurant
5817,0.585859,0.161616,bank
5818,0.585859,0.171717,cafe
5819,0.585859,0.181818,park
5820,0.585859,0.191919,bank
5821,0.585859,0.202020,pharmacy
5822,0.585859,0.212121,cafe
5823,0.585859,0.222222,cafe
5824,0.585859,0.232323,bank
5825,0.585859,0.242424,cafe
5826,0.585859,0.252525,bank
5827,0.585859,0.262626,restaurant
5828,0.585859,0.272727,restaurant
5829,0.585859,0.282828,cafe
5830,0.585859,0.292929,bank
5831,0.585859,0.303030,bank
5832,0.585859,0.313131,park
5833,0.585859,0.323232,hospital
5834,0.585859,0.333333,school
5835,0.585859,0.343434,school
5836,0.585859,0.353535,school
5837,0.585859,0.363636,school
5838,0.585859,0.373737,hospital
5839,0.585859,0.383838,pharmacy
5840,0.585859,0.393939,school
5841,0.585859,0.404040,restaurant
5842,0.585859,0.414141,school
5843,0.585859,0.424242,store
5844,0.585859,0.434343,park
5845,0.585859,0.444444,cafe
5846,0.585859,0.454545,hospital
5847,0.585859,0.464646,bank
5848,0.585859,0.474747,cafe
5849,0.585859,0.484848,park
5850,0.585859,0.494949,park
5851,0.585859,0.505051,restaurant
5852,0.585859,0.515152,pharmacy
5853,0.585859,0.525253,cafe
5854,0.585859,0.535354,store
5855,0.585859,0.545455,hospital
5856,0.585859,0.555556,bank
5857,0.585859,0.565657,pharmacy
5858,0.585859,0.575758,store
5859,0.585859,0.585859,bank
5860,0.585859,0.595960,bank
5861,0.585859,0.606061,school
5862,0.585859,0.616162,pharmacy
5863,0.585859,0.626263,pharmacy
5864,0.585859,0.636364,store
5865,0.585859,0.646465,school
5866,0.585859,0.656566,school
5867,0.585859,0.666667,store
5868,0.585859,0.676768,bank
5869,0.585859,0.686869,hospital
5870,0.585859,0.696970,bank
5871,0.585859,0.707071,cafe
5872,0.585859,0.717172,store
5873,0.585859,0.727273,pharmacy
5874,0.585859,0.737374,store
5875,0.585859,0.747475,hospital
5876,0.585859,0.757576,school
5877,0.585859,0.767677,pharmacy
5878,0.585859,0.777778,restaurant
5879,0.585859,0.787879,hospital
5880,0.585859,0.797980,store
5881,0.585859,0.808081,store
5882,0.585859,0.818182,pharmacy
5883,0.585859,0.828283,hospital
5884,0.585859,0.838384,hospital
5885,0.585859,0.848485,store
5886,0.585859,0.858586,store
5887,0.585859,0.868687,school
5888,0.585859,0.878788,hospital
5889,0.585859,0.888889,pharmacy
5890,0.585859,0.898990,school
5891,0.585859,0.909091,store
5892,0.585859,0.919192,bank
5893,0.585859,0.929293,cafe
5894,0.585859,0.939394,park
5895,0.585859,0.949495,restaurant
5896,0.585859,0.959596,cafe
5897,0.585859,0.969697,pharmacy
5898,0.585859,0.979798,restaurant
5899,0.585859,0.989899,store
5900,0.585859,1.000000,pharmacy
5901,0.595960,0.000000,bank
5902,0.595960,0.010101,store
5903,0.595960,0.020202,park
5904,0.595960,0.030303,cafe
5905,0.595960,0.040404,park
5906,0.595960,0.050505,restaurant
5907,0.595960,0.060606,school
5908,0.595960,0.070707,park
5909,0.595960,0.080808,park
5910,0.595960,0.090909,school
5911,0.595960,0.101010,restaurant
5912,0.595960,0.111111,cafe
5913,0.595960,0.121212,school
5914,0.595960,0.131313,hospital
5915,0.595960,0.141414,school
5916,0.595960,0.151515,school
5917,0.595960,0.161616,bank
5918,0.595960,0.171717,school
5919,0.595960,0.181818,restaurant
5920,0.595960,0.191919,school
5921,0.595960,0.202020,school
5922,0.595960,0.212121,bank
5923,0.595960,0.222222,park
5924,0.595960,0.232323,store
5925,0.595960,0.242424,pharmacy
5926,0.595960,0.252525,hospital
5927,0.595960,0.262626,park
5928,0.595960,0.272727,cafe
5929,0.595960,0.282828,bank
5930,0.595960,0.292929,cafe
5931,0.595960,0.303030,cafe
5932,0.595960,0.313131,park
5933,0.595960,0.323232,pharmacy
5934,0.595960,0.333333,restaurant
5935,0.595960,0.343434,cafe
5936,0.595960,0.353535,park
5937,0.595960,0.363636,hospital
5938,0.595960,0.373737,school
5939,0.595960,0.383838,hospital
5940,0.595960,0.393939,pharmacy
5941,0.595960,0.404040,school
5942,0.595960,0.414141,park
5943,0.595960,0.424242,hospital
5944,0.595960,0.434343,bank
5945,0.595960,0.444444,restaurant
5946,0.595960,0.454545,park
5947,0.595960,0.464646,cafe
5948,0.595960,0.474747,restaurant
5949,0.595960,0.484848,pharmacy
5950,0.595960,0.494949,restaurant
5951,0.595960,0.505051,bank
5952,0.595960,0.515152,cafe
5953,0.595960,0.525253,bank
5954,0.595960,0.535354,store
5955,0.595960,0.545455,school
5956,0.595960,0.555556,hospital
5957,0.595960,0.565657,pharmacy
5958,0.595960,0.575758,store
5959,0.595960,0.585859,pharmacy
5960,0.595960,0.595960,hospital
5961,0.595960,0.606061,school
5962,0.595960,0.616162,school
5963,0.595960,0.626263,school
5964,0.595960,0.636364,store
5965,0.595960,0.646465,bank
5966,0.595960,0.656566,bank
5967,0.595960,0.666667,pharmacy
5968,0.595960,0.676768,hospital
5969,0.595960,0.686869,store
5970,0.595960,0.696970,hospital
5971,0.595960,0.707071,store
5972,0.595960,0.717172,pharmacy
5973,0.595960,0.727273,store
5974,0.595960,0.737374,store
5975,0.595960,0.747475,school
5976,0.595960,0.757576,school
5977,0.595960,0.767677,school
5978,0.595960,0.777778,bank
5979,0.595960,0.787879,hospital
5980,0.595960,0.797980,hospital
5981,0.595960,0.808081,park
5982,0.595960,0.818182,cafe
5983,0.595960,0.828283,restaurant
5984,0.595960,0.838384,bank
5985,0.595960,0.848485,store
5986,0.595960,0.858586,bank
5987,0.595960,0.868687,school
5988,0.595960,0.878788,park
5989,0.595960,0.888889,store
5990,0.595960,0.898990,store
5991,0.595960,0.909091,school
5992,0.595960,0.919192,school
5993,0.595960,0.929293,cafe
5994,0.595960,0.939394,pharmacy
5995,0.595960,0.949495,park
5996,0.595960,0.959596,restaurant
5997,0.595960,0.969697,pharmacy
5998,0.595960,0.979798,cafe
5999,0.595960,0.989899,store
6000,0.595960,1.000000,hospital
6001,0.606061,0.000000,store
6002,0.606061,0.010101,school
6003,0.606061,0.020202,bank
6004,0.606061,0.030303,hospital
6005,0.606061,0.040404,bank
6006,0.606061,0.050505,restaurant
6007,0.606061,0.060606,hospital
6008,0.606061,0.070707,pharmacy
6009,0.606061,0.080808,hospital
6010,0.606061,0.090909,store
6011,0.606061,0.101010,school
6012,0.606061,0.111111,school
6013,0.606061,0.121212,bank
6014,0.606061,0.131313,bank
6015,0.606061,0.141414,store
6016,0.606061,0.151515,school
6017,0.606061,0.161616,store
6018,0.606061,0.171717,store
6019,0.606061,0.181818,hospital
6020,0.606061,0.191919,store
6021,0.606061,0.202020,restaurant
6022,0.606061,0.212121,hospital
6023,0.606061,0.222222,cafe
6024,0.606061,0.232323,bank
6025,0.606061,0.242424,pharmacy
6026,0.606061,0.252525,cafe
6027,0.606061,0.262626,bank
6028,0.606061,0.272727,pharmacy
6029,0.606061,0.282828,cafe
6030,0.606061,0.292929,hospital
6031,0.606061,0.303030,school
6032,0.606061,0.313131,pharmacy
6033,0.606061,0.323232,pharmacy
6034,0.606061,0.333333,hospital
6035,0.606061,0.343434,park
6036,0.606061,0.353535,bank
6037,0.606061,0.363636,park
6038,0.606061,0.373737,store
6039,0.606061,0.383838,restaurant
6040,0.606061,0.393939,pharmacy
6041,0.606061,0.404040,restaurant
6042,0.606061,0.414141,pharmacy
6043,0.606061,0.424242,restaurant
6044,0.606061,0.434343,school
6045,0.606061,0.444444,park
6046,0.606061,0.454545,store
6047,0.606061,0.464646,school
6048,0.606061,0.474747,bank
6049,0.606061,0.484848,bank
6050,0.606061,0.494949,bank
6051,0.606061,0.505051,school
6052,0.606061,0.515152,pharmacy
6053,0.606061,0.525253,bank
6054,0.606061,0.535354,pharmacy
6055,0.606061,0.545455,park
6056,0.606061,0.555556,park
6057,0.606061,0.565657,store
6058,0.606061,0.575758,bank
6059,0.606061,0.585859,park
6060,0.606061,0.595960,cafe
6061,0.606061,0.606061,pharmacy
6062,0.606061,0.616162,park
6063,0.606061,0.626263,hospital
6064,0.606061,0.636364,bank
6065,0.606061,0.646465,pharmacy
6066,0.606061,0.656566,school
6067,0.606061,0.666667,hospital
6068,0.606061,0.676768,bank
6069,0.606061,0.686869,store
6070,0.606061,0.696970,pharmacy
6071,0.606061,0.707071,park
6072,0.606061,0.717172,hospital
6073,0.606061,0.727273,bank
6074,0.606061,0.737374,park
6075,0.606061,0.747475,restaurant
6076,0.606061,0.757576,hospital
6077,0.606061,0.767677,bank
6078,0.606061,0.777778,store
6079,0.606061,0.787879,cafe
6080,0.606061,0.797980,store
6081,0.606061,0.808081,store
6082,0.606061,0.818182,cafe
6083,0.606061,0.828283,restaurant
6084,0.606061,0.838384,cafe
6085,0.606061,0.848485,hospital
6086,0.606061,0.858586,park
6087,0.606061,0.868687,bank
6088,0.606061,0.878788,cafe
6089,0.606061,0.888889,bank
6090,0.606061,0.898990,cafe
6091,0.606061,0.909091,hospital
6092,0.606061,0.919192,cafe
6093,0.606061,0.929293,hospital
6094,0.606061,0.939394,cafe
6095,0.606061,0.949495,hospital
6096,0.606061,0.959596,bank
6097,0.606061,0.969697,store
6098,0.606061,0.979798,school
6099,0.606061,0.989899,hospital
6100,0.606061,1.000000,store
6101,0.616162,0.000000,bank
6102,0.616162,0.010101,park
6103,0.616162,0.020202,school
6104,0.616162,0.030303,cafe
6105,0.616162,0.040404,bank
6106,0.616162,0.050505,store
6107,0.616162,0.060606,store
6108,0.616162,0.070707,pharmacy
6109,0.616162,0.080808,park
6110,0.616162,0.090909,pharmacy
6111,0.616162,0.101010,pharmacy
6112,0.616162,0.111111,hospital
6113,0.616162,0.121212,school
6114,0.616162,0.131313,pharmacy
6115,0.616162,0.141414,store
6116,0.616162,0.151515,park
6117,0.616162,0.161616,hospital
6118,0.616162,0.171717,pharmacy
6119,0.616162,0.181818,bank
6120,0.616162,0.191919,hospital
6121,0.616162,0.202020,bank
6122,0.616162,0.212121,pharmacy
6123,0.616162,0.222222,pharmacy
6124,0.616162,0.232323,cafe
6125,0.616162,0.242424,park
6126,0.616162,0.252525,cafe
6127,0.616162,0.262626,cafe
6128,0.616162,0.272727,park
6129,0.616162,0.282828,hospital
6130,0.616162,0.292929,pharmacy
6131,0.616162,0.303030,pharmacy
6132,0.616162,0.313131,park
6133,0.616162,0.323232,pharmacy
6134,0.616162,0.333333,hospital
6135,0.616162,0.343434,school
6136,0.616162,0.353535,school
6137,0.616162,0.363636,bank
6138,0.616162,0.373737,bank
6139,0.616162,0.383838,cafe
6140,0.616162,0.393939,store
6141,0.616162,0.404040,park
6142,0.616162,0.414141,restaurant
6143,0.616162,0.424242,park
6144,0.616162,0.434343,store
6145,0.616162,0.444444,store
6146,0.616162,0.454545,park
6147,0.616162,0.464646,park
6148,0.616162,0.474747,cafe
6149,0.616162,0.484848,cafe
6150,0.616162,0.494949,pharmacy
6151,0.616162,0.505051,bank
6152,0.616162,0.515152,park
6153,0.616162,0.525253,bank
6154,0.616162,0.535354,restaurant
6155,0.616162,0.545455,restaurant
6156,0.616162,0.555556,bank
6157,0.616162,0.565657,cafe
6158,0.616162,0.575758,park
6159,0.616162,0.585859,restaurant
6160,0.616162,0.595960,pharmacy
6161,0.616162,0.606061,bank
6162,0.616162,0.616162,park
6163,0.616162,0.626263,restaurant
6164,0.616162,0.636364,bank
6165,0.616162,0.646465,store
6166,0.616162,0.656566,pharmacy
6167,0.616162,0.666667,store
6168,0.616162,0.676768,cafe
6169,0.616162,0.686869,school
6170,0.616162,0.696970,cafe
6171,0.616162,0.707071,park
6172,0.616162,0.717172,store
6173,0.616162,0.727273,pharmacy
6174,0.616162,0.737374,bank
6175,0.616162,0.747475,park
6176,0.616162,0.757576,bank
6177,0.616162,0.767677,park
6178,0.616162,0.777778,pharmacy
6179,0.616162,0.787879,restaurant
6180,0.616162,0.797980,pharmacy
6181,0.616162,0.808081,restaurant
6182,0.616162,0.818182,pharmacy
6183,0.616162,0.828283,store
6184,0.616162,0.838384,park
6185,0.616162,0.848485,bank
6186,0.616162,0.858586,pharmacy
6187,0.616162,0.868687,school
6188,0.616162,0.878788,bank
6189,0.616162,0.888889,cafe
6190,0.616162,0.898990,school
6191,0.616162,0.909091,school
6192,0.616162,0.919192,bank
6193,0.616162,0.929293,cafe
6194,0.616162,0.939394,store
6195,0.616162,0.949495,pharmacy
6196,0.616162,0.959596,park
6197,0.616162,0.969697,hospital
6198,0.616162,0.979798,store
6199,0.616162,0.989899,store
6200,0.616162,1.000000,park
6201,0.626263,0.000000,hospital
6202,0.626263,0.010101,hospital
6203,0.626263,0.020202,bank
6204,0.626263,0.030303,cafe
6205,0.626263,0.040404,pharmacy
6206,0.626263,0.050505,pharmacy
6207,0.626263,0.060606,cafe
6208,0.626263,0.070707,school
6209,0.626263,0.080808,hospital
6210,0.626263,0.090909,pharmacy
6211,0.626263,0.101010,bank
6212,0.626263,0.111111,cafe
6213,0.626263,0.121212,cafe
6214,0.626263,0.131313,store
6215,0.626263,0.141414,cafe
6216,0.626263,0.151515,school
6217,0.626263,0.161616,school
6218,0.626263,0.171717,store
6219,0.626263,0.181818,school
6220,0.626263,0.191919,bank
6221,0.626263,0.202020,cafe
6222,0.626263,0.212121,park
6223,0.626263,0.222222,pharmacy
6224,0.626263,0.232323,park
6225,0.626263,0.242424,restaurant
6226,0.626263,0.252525,cafe
6227,0.626263,0.262626,store
6228,0.626263,0.272727,school
6229,0.626263,0.282828,store
6230,0.626263,0.292929,cafe
6231,0.626263,0.303030,school
6232,0.626263,0.313131,pharmacy
6233,0.626263,0.323232,cafe
6234,0.626263,0.333333,store
6235,0.626263,0.343434,cafe
6236,0.626263,0.353535,cafe
6237,0.626263,0.363636,cafe
6238,0.626263,0.373737,pharmacy
6239,0.626263,0.383838,cafe
6240,0.626263,0.393939,pharmacy
6241,0.626263,0.404040,park
6242,0.626263,0.414141,bank
6243,0.626263,0.424242,bank
6244,0.626263,0.434343,school
6245,0.626263,0.444444,school
6246,0.626263,0.454545,store
6247,0.626263,0.464646,store
6248,0.626263,0.474747,park
6249,0.626263,0.484848,store
6250,0.626263,0.494949,hospital
6251,0.626263,0.505051,store
6252,0.626263,0.515152,pharmacy
6253,0.626263,0.525253,cafe
6254,0.626263,0.535354,store
6255,0.626263,0.545455,hospital
6256,0.626263,0.555556,store
6257,0.626263,0.565657,school
6258,0.626263,0.575758,park
6259,0.626263,0.585859,cafe
6260,0.626263,0.595960,pharmacy
6261,0.626263,0.606061,bank
6262,0.626263,0.616162,school
6263,0.626263,0.626263,school
6264,0.626263,0.636364,school
6265,0.626263,0.646465,cafe
6266,0.626263,0.656566,hospital
6267,0.626263,0.666667,school
6268,0.626263,0.676768,school
6269,0.626263,0.686869,school
6270,0.626263,0.696970,store
6271,0.626263,0.707071,store
6272,0.626263,0.717172,store
6273,0.626263,0.727273,pharmacy
6274,0.626263,0.737374,cafe
6275,0.626263,0.747475,pharmacy
6276,0.626263,0.757576,cafe
6277,0.626263,0.767677,pharmacy
6278,0.626263,0.777778,hospital
6279,0.626263,0.787879,cafe
6280,0.626263,0.797980,school
6281,0.626263,0.808081,restaurant
6282,0.626263,0.818182,park
6283,0.626263,0.828283,park
6284,0.626263,0.838384,hospital
6285,0.626263,0.848485,pharmacy
6286,0.626263,0.858586,pharmacy
6287,0.626263,0.868687,cafe
6288,0.626263,0.878788,pharmacy
6289,0.626263,0.888889,pharmacy
6290,0.626263,0.898990,store
6291,0.626263,0.909091,pharmacy
6292,0.626263,0.919192,bank
6293,0.626263,0.929293,school
6294,0.626263,0.939394,school
6295,0.626263,0.949495,bank
6296,0.626263,0.959596,cafe
6297,0.626263,0.969697,pharmacy
6298,0.626263,0.979798,park
6299,0.626263,0.989899,pharmacy
6300,0.626263,1.000000,pharmacy
6301,0.636364,0.000000,restaurant
6302,0.636364,0.010101,cafe
6303,0.636364,0.020202,pharmacy
6304,0.636364,0.030303,cafe
6305,0.636364,0.040404,restaurant
6306,0.636364,0.050505,store
6307,0.636364,0.060606,cafe
6308,0.636364,0.070707,school
6309,0.636364,0.080808,hospital
6310,0.636364,0.090909,store
6311,0.636364,0.101010,store
6312,0.636364,0.111111,bank
6313,0.636364,0.121212,bank
6314,0.636364,0.131313,restaurant
6315,0.636364,0.141414,restaurant
6316,0.636364,0.151515,park
6317,0.636364,0.161616,hospital
6318,0.636364,0.171717,hospital
6319,0.636364,0.181818,hospital
6320,0.636364,0.191919,hospital
6321,0.636364,0.202020,pharmacy
6322,0.636364,0.212121,pharmacy
6323,0.636364,0.222222,bank
6324,0.636364,0.232323,park
6325,0.636364,0.242424,store
6326,0.636364,0.252525,hospital
6327,0.636364,0.262626,restaurant
6328,0.636364,0.272727,store
6329,0.636364,0.282828,store
6330,0.636364,0.292929,hospital
6331,0.636364,0.303030,park
6332,0.636364,0.313131,hospital
6333,0.636364,0.323232,store
6334,0.636364,0.333333,bank
6335,0.636364,0.343434,park
6336,0.636364,0.353535,cafe
6337,0.636364,0.363636,school
6338,0.636364,0.373737,cafe
6339,0.636364,0.383838,park
6340,0.636364,0.393939,restaurant
6341,0.636364,0.404040,cafe
6342,0.636364,0.414141,restaurant
6343,0.636364,0.424242,hospital
6344,0.636364,0.434343,restaurant
6345,0.636364,0.444444,bank
6346,0.636364,0.454545,hospital
6347,0.636364,0.464646,store
6348,0.636364,0.474747,pharmacy
6349,0.636364,0.484848,restaurant
6350,0.636364,0.494949,pharmacy
6351,0.636364,0.505051,hospital
6352,0.636364,0.515152,restaurant
6353,0.636364,0.525253,bank
6354,0.636364,0.535354,pharmacy
6355,0.636364,0.545455,store
6356,0.636364,0.555556,restaurant
6357,0.636364,0.565657,school
6358,0.636364,0.575758,restaurant
6359,0.636364,0.585859,hospital
6360,0.636364,0.595960,pharmacy
6361,0.636364,0.606061,pharmacy
6362,0.636364,0.616162,cafe
6363,0.636364,0.626263,cafe
6364,0.636364,0.636364,school
6365,0.636364,0.646465,bank
6366,0.636364,0.656566,school
6367,0.636364,0.666667,school
6368,0.636364,0.676768,hospital
6369,0.636364,0.686869,cafe
6370,0.636364,0.696970,park
6371,0.636364,0.707071,restaurant
6372,0.636364,0.717172,bank
6373,0.636364,0.727273,bank
6374,0.636364,0.737374,school
6375,0.636364,0.747475,cafe
6376,0.636364,0.757576,cafe
6377,0.636364,0.767677,cafe
6378,0.636364,0.777778,cafe
6379,0.636364,0.787879,park
6380,0.636364,0.797980,hospital
6381,0.636364,0.808081,restaurant
6382,0.636364,0.818182,school
6383,0.636364,0.828283,store
6384,0.636364,0.838384,restaurant
6385,0.636364,0.848485,restaurant
6386,0.636364,0.858586,cafe
6387,0.636364,0.868687,pharmacy
6388,0.636364,0.878788,bank
6389,0.636364,0.888889,school
6390,0.636364,0.898990,hospital
6391,0.636364,0.909091,store
6392,0.636364,0.919192,school
6393,0.636364,0.929293,store
6394,0.636364,0.939394,bank
6395,0.636364,0.949495,hospital
6396,0.636364,0.959596,hospital
6397,0.636364,0.969697,store
6398,0.636364,0.979798,park
6399,0.636364,0.989899,school
6400,0.636364,1.000000,restaurant
6401,0.646465,0.000000,cafe
6402,0.646465,0.010101,cafe
6403,0.646465,0.020202,park
6404,0.646465,0.030303,store
6405,0.646465,0.040404,park
6406,0.646465,0.050505,park
6407,0.646465,0.060606,school
6408,0.646465,0.070707,park
6409,0.646465,0.080808,park
6410,0.646465,0.090909,hospital
6411,0.646465,0.101010,restaurant
6412,0.646465,0.111111,park
6413,0.646465,0.121212,restaurant
6414,0.646465,0.131313,school
6415,0.646465,0.141414,park
6416,0.646465,0.151515,cafe
6417,0.646465,0.161616,bank
6418,0.646465,0.171717,bank
6419,0.646465,0.181818,hospital
6420,0.646465,0.191919,restaurant
6421,0.646465,0.202020,restaurant
6422,0.646465,0.212121,restaurant
6423,0.646465,0.222222,store
6424,0.646465,0.232323,restaurant
6425,0.646465,0.242424,cafe
6426,0.646465,0.252525,park
6427,0.646465,0.262626,cafe
6428,0.646465,0.272727,restaurant
6429,0.646465,0.282828,pharmacy
6430,0.646465,0.292929,park
6431,0.646465,0.303030,bank
6432,0.646465,0.313131,school
6433,0.646465,0.323232,school
6434,0.646465,0.333333,hospital
6435,0.646465,0.343434,school
6436,0.646465,0.353535,restaurant
6437,0.646465,0.363636,hospital
6438,0.646465,0.373737,cafe
6439,0.646465,0.383838,bank
6440,0.646465,0.393939,pharmacy
6441,0.646465,0.404040,bank
6442,0.646465,0.414141,hospital
6443,0.646465,0.424242,park
6444,0.646465,0.434343,restaurant
6445,0.646465,0.444444,bank
6446,0.646465,0.454545,bank
6447,0.646465,0.464646,restaurant
6448,0.646465,0.474747,park
6449,0.646465,0.484848,hospital
6450,0.646465,0.494949,bank
6451,0.646465,0.505051,cafe
6452,0.646465,0.515152,bank
6453,0.646465,0.525253,pharmacy
6454,0.646465,0.535354,school
6455,0.646465,0.545455,school
6456,0.646465,0.555556,pharmacy
6457,0.646465,0.565657,restaurant
6458,0.646465,0.575758,school
6459,0.646465,0.585859,bank
6460,0.646465,0.595960,hospital
6461,0.646465,0.606061,bank
6462,0.646465,0.616162,hospital
6463,0.646465,0.626263,pharmacy
6464,0.646465,0.636364,park
6465,0.646465,0.646465,cafe
6466,0.646465,0.656566,bank
6467,0.646465,0.666667,school
6468,0.646465,0.676768,restaurant
6469,0.646465,0.686869,pharmacy
6470,0.646465,0.696970,hospital
6471,0.646465,0.707071,restaurant
6472,0.646465,0.717172,bank
6473,0.646465,0.727273,park
6474,0.646465,0.737374,cafe
6475,0.646465,0.747475,cafe
6476,0.646465,0.757576,cafe
6477,0.646465,0.767677,park
6478,0.646465,0.777778,hospital
6479,0.646465,0.787879,park
6480,0.646465,0.797980,cafe
6481,0.646465,0.808081,store
6482,0.646465,0.818182,school
6483,0.646465,0.828283,cafe
6484,0.646465,0.838384,school
6485,0.646465,0.848485,cafe
6486,0.646465,0.858586,school
6487,0.646465,0.868687,park
6488,0.646465,0.878788,bank
6489,0.646465,0.888889,park
6490,0.646465,0.898990,school
6491,0.646465,0.909091,school
6492,0.646465,0.919192,restaurant
6493,0.646465,0.929293,cafe
6494,0.646465,0.939394,park
6495,0.646465,0.949495,school
6496,0.646465,0.959596,cafe
6497,0.646465,0.969697,restaurant
6498,0.646465,0.979798,pharmacy
6499,0.646465,0.989899,hospital
6500,0.646465,1.000000,cafe
6501,0.656566,0.000000,pharmacy
6502,0.656566,0.010101,pharmacy
6503,0.656566,0.020202,restaurant
6504,0.656566,0.030303,store
6505,0.656566,0.040404,bank
6506,0.656566,0.050505,store
6507,0.656566,0.060606,cafe
6508,0.656566,0.070707,restaurant
6509,0.656566,0.080808,store
6510,0.656566,0.090909,bank
6511,0.656566,0.101010,park
6512,0.656566,0.111111,restaurant
6513,0.656566,0.121212,cafe
6514,0.656566,0.131313,school
6515,0.656566,0.141414,pharmacy
6516,0.656566,0.151515,hospital
6517,0.656566,0.161616,pharmacy
6518,0.656566,0.171717,pharmacy
6519,0.656566,0.181818,park
6520,0.656566,0.191919,bank
6521,0.656566,0.202020,cafe
6522,0.656566,0.212121,bank
6523,0.656566,0.222222,bank
6524,0.656566,0.232323,hospital
6525,0.656566,0.242424,pharmacy
6526,0.656566,0.252525,bank
6527,0.656566,0.262626,restaurant
6528,0.656566,0.272727,restaurant
6529,0.656566,0.282828,pharmacy
6530,0.656566,0.292929,restaurant
6531,0.656566,0.303030,school
6532,0.656566,0.313131,park
6533,0.656566,0.323232,pharmacy
6534,0.656566,0.333333,store
6535,0.656566,0.343434,school
6536,0.656566,0.353535,school
6537,0.656566,0.363636,hospital
6538,0.656566,0.373737,park
6539,0.656566,0.383838,hospital
6540,0.656566,0.393939,bank
6541,0.656566,0.404040,pharmacy
6542,0.656566,0.414141,hospital
6543,0.656566,0.424242,store
6544,0.656566,0.434343,cafe
6545,0.656566,0.444444,cafe
6546,0.656566,0.454545,store
6547,0.656566,0.464646,cafe
6548,0.656566,0.474747,restaurant
6549,0.656566,0.484848,park
6550,0.656566,0.494949,cafe
6551,0.656566,0.505051,pharmacy
6552,0.656566,0.515152,bank
6553,0.656566,0.525253,park
6554,0.656566,0.535354,restaurant
6555,0.656566,0.545455,cafe
6556,0.656566,0.555556,school
6557,0.656566,0.565657,restaurant
6558,0.656566,0.575758,cafe
6559,0.656566,0.585859,store
6560,0.656566,0.595960,park
6561,0.656566,0.606061,pharmacy
6562,0.656566,0.616162,hospital
6563,0.656566,0.626263,store
6564,0.656566,0.636364,hospital
6565,0.656566,0.646465,park
6566,0.656566,0.656566,school
6567,0.656566,0.666667,hospital
6568,0.656566,0.676768,pharmacy
6569,0.656566,0.686869,store
6570,0.656566,0.696970,school
6571,0.656566,0.707071,hospital
6572,0.656566,0.717172,school
6573,0.656566,0.727273,restaurant
6574,0.656566,0.737374,park
6575,0.656566,0.747475,store
6576,0.656566,0.757576,store
6577,0.656566,0.767677,store
6578,0.656566,0.777778,pharmacy
6579,0.656566,0.787879,bank
6580,0.656566,0.797980,cafe
6581,0.656566,0.808081,bank
6582,0.656566,0.818182,hospital
6583,0.656566,0.828283,cafe
6584,0.656566,0.838384,cafe
6585,0.656566,0.848485,school
6586,0.656566,0.858586,hospital
6587,0.656566,0.868687,hospital
6588,0.656566,0.878788,store
6589,0.656566,0.888889,cafe
6590,0.656566,0.898990,cafe
6591,0.656566,0.909091,hospital
6592,0.656566,0.919192,bank
6593,0.656566,0.929293,school
6594,0.656566,0.939394,park
6595,0.656566,0.949495,restaurant
6596,0.656566,0.959596,cafe
6597,0.656566,0.969697,pharmacy
6598,0.656566,0.979798,store
6599,0.656566,0.989899,restaurant
6600,0.656566,1.000000,hospital
6601,0.666667,0.000000,store
6602,0.666667,0.010101,school
6603,0.666667,0.020202,restaurant
6604,0.666667,0.030303,store
6605,0.666667,0.040404,restaurant
6606,0.666667,0.050505,school
6607,0.666667,0.060606,hospital
6608,0.666667,0.070707,store
6609,0.666667,0.080808,cafe
6610,0.666667,0.090909,pharmacy
6611,0.666667,0.101010,school
6612,0.666667,0.111111,school
6613,0.666667,0.121212,hospital
6614,0.666667,0.131313,restaurant
6615,0.666667,0.141414,bank
6616,0.666667,0.151515,cafe
6617,0.666667,0.161616,bank
6618,0.666667,0.171717,park
6619,0.666667,0.181818,restaurant
6620,0.666667,0.191919,park
6621,0.666667,0.202020,store
6622,0.666667,0.212121,restaurant
6623,0.666667,0.222222,school
6624,0.666667,0.232323,hospital
6625,0.666667,0.242424,park
6626,0.666667,0.252525,store
6627,0.666667,0.262626,hospital
6628,0.666667,0.272727,park
6629,0.666667,0.282828,school
6630,0.666667,0.292929,cafe
6631,0.666667,0.303030,restaurant
6632,0.666667,0.313131,store
6633,0.666667,0.323232,hospital
6634,0.666667,0.333333,cafe
6635,0.666667,0.343434,store
6636,0.666667,0.353535,bank
6637,0.666667,0.363636,school
6638,0.666667,0.373737,pharmacy
6639,0.666667,0.383838,bank
6640,0.666667,0.393939,restaurant
6641,0.666667,0.404040,cafe
6642,0.666667,0.414141,park
6643,0.666667,0.424242,store
6644,0.666667,0.434343,cafe
6645,0.666667,0.444444,restaurant
6646,0.666667,0.454545,hospital
6647,0.666667,0.464646,park
6648,0.666667,0.474747,park
6649,0.666667,0.484848,restaurant
6650,0.666667,0.494949,hospital
6651,0.666667,0.505051,park
6652,0.666667,0.515152,bank
6653,0.666667,0.525253,pharmacy
6654,0.666667,0.535354,cafe
6655,0.666667,0.545455,hospital
6656,0.666667,0.555556,bank
6657,0.666667,0.565657,pharmacy
6658,0.666667,0.575758,pharmacy
6659,0.666667,0.585859,restaurant
6660,0.666667,0.595960,school
6661,0.666667,0.606061,park
6662,0.666667,0.616162,school
6663,0.666667,0.626263,pharmacy
6664,0.666667,0.636364,park
6665,0.666667,0.646465,park
6666,0.666667,0.656566,hospital
6667,0.666667,0.666667,pharmacy
6668,0.666667,0.676768,hospital
6669,0.666667,0.686869,school
6670,0.666667,0.696970,pharmacy
6671,0.666667,0.707071,restaurant
6672,0.666667,0.717172,school
6673,0.666667,0.727273,school
6674,0.666667,0.737374,store
6675,0.666667,0.747475,park
6676,0.666667,0.757576,school
6677,0.666667,0.767677,pharmacy
6678,0.666667,0.777778,restaurant
6679,0.666667,0.787879,hospital
6680,0.666667,0.797980,park
6681,0.666667,0.808081,store
6682,0.666667,0.818182,store
6683,0.666667,0.828283,store
6684,0.666667,0.838384,pharmacy
6685,0.666667,0.848485,hospital
6686,0.666667,0.858586,bank
6687,0.666667,0.868687,park
6688,0.666667,0.878788,park
6689,0.666667,0.888889,store
6690,0.666667,0.898990,restaurant
6691,0.666667,0.909091,park
6692,0.666667,0.919192,store
6693,0.666667,0.929293,restaurant
6694,0.666667,0.939394,bank
6695,0.666667,0.949495,hospital
6696,0.666667,0.959596,pharmacy
6697,0.666667,0.969697,store
6698,0.666667,0.979798,school
6699,0.666667,0.989899,restaurant
6700,0.666667,1.000000,park
6701,0.676768,0.000000,bank
6702,0.676768,0.010101,school
6703,0.676768,0.020202,restaurant
6704,0.676768,0.030303,school
6705,0.676768,0.040404,pharmacy
6706,0.676768,0.050505,pharmacy
6707,0.676768,0.060606,bank
6708,0.676768,0.070707,hospital
6709,0.676768,0.080808,park
6710,0.676768,0.090909,pharmacy
6711,0.676768,0.101010,restaurant
6712,0.676768,0.111111,school
6713,0.676768,0.121212,restaurant
6714,0.676768,0.131313,cafe
6715,0.676768,0.141414,bank
6716,0.676768,0.151515,restaurant
6717,0.676768,0.161616,school
6718,0.676768,0.171717,store
6719,0.676768,0.181818,hospital
6720,0.676768,0.191919,bank
6721,0.676768,0.202020,park
6722,0.676768,0.212121,school
6723,0.676768,0.222222,restaurant
6724,0.676768,0.232323,hospital
6725,0.676768,0.242424,store
6726,0.676768,0.252525,store
6727,0.676768,0.262626,school
6728,0.676768,0.272727,park
6729,0.676768,0.282828,pharmacy
6730,0.676768,0.292929,restaurant
6731,0.676768,0.303030,restaurant
6732,0.676768,0.313131,school
6733,0.676768,0.323232,school
6734,0.676768,0.333333,park
6735,0.676768,0.343434,bank
6736,0.676768,0.353535,restaurant
6737,0.676768,0.363636,hospital
6738,0.676768,0.373737,restaurant
6739,0.676768,0.383838,hospital
6740,0.676768,0.393939,store
6741,0.676768,0.404040,pharmacy
6742,0.676768,0.414141,hospital
6743,0.676768,0.424242,pharmacy
6744,0.676768,0.434343,restaurant
6745,0.676768,0.444444,hospital
6746,0.676768,0.454545,cafe
6747,0.676768,0.464646,hospital
6748,0.676768,0.474747,hospital
6749,0.676768,0.484848,pharmacy
6750,0.676768,0.494949,bank
6751,0.676768,0.505051,school
6752,0.676768,0.515152,cafe
6753,0.676768,0.525253,school
6754,0.676768,0.535354,school
6755,0.676768,0.545455,cafe
6756,0.676768,0.555556,pharmacy
6757,0.676768,0.565657,hospital
6758,0.676768,0.575758,park
6759,0.676768,0.585859,cafe
6760,0.676768,0.595960,hospital
6761,0.676768,0.606061,park
6762,0.676768,0.616162,school
6763,0.676768,0.626263,hospital
6764,0.676768,0.636364,hospital
6765,0.676768,0.646465,pharmacy
6766,0.676768,0.656566,pharmacy
6767,0.676768,0.666667,park
6768,0.676768,0.676768,park
6769,0.676768,0.686869,hospital
6770,0.676768,0.696970,pharmacy
6771,0.676768,0.707071,pharmacy
6772,0.676768,0.717172,bank
6773,0.676768,0.727273,store
6774,0.676768,0.737374,cafe
6775,0.676768,0.747475,school
6776,0.676768,0.757576,cafe
6777,0.676768,0.767677,restaurant
6778,0.676768,0.777778,store
6779,0.676768,0.787879,hospital
6780,0.676768,0.797980,restaurant
6781,0.676768,0.808081,restaurant
6782,0.676768,0.818182,bank
6783,0.676768,0.828283,store
6784,0.676768,0.838384,pharmacy
6785,0.676768,0.848485,bank
6786,0.676768,0.858586,restaurant
6787,0.676768,0.868687,bank
6788,0.676768,0.878788,park
6789,0.676768,0.888889,hospital
6790,0.676768,0.898990,bank
6791,0.676768,0.909091,pharmacy
6792,0.676768,0.919192,restaurant
6793,0.676768,0.929293,pharmacy
6794,0.676768,0.939394,school
6795,0.676768,0.949495,restaurant
6796,0.676768,0.959596,bank
6797,0.676768,0.969697,hospital
6798,0.676768,0.979798,hospital
6799,0.676768,0.989899,park
6800,0.676768,1.000000,bank
6801,0.686869,0.000000,park
6802,0.686869,0.010101,store
6803,0.686869,0.020202,restaurant
6804,0.686869,0.030303,bank
6805,0.686869,0.040404,bank
6806,0.686869,0.050505,bank
6807,0.686869,0.060606,cafe
6808,0.686869,0.070707,cafe
6809,0.686869,0.080808,pharmacy
6810,0.686869,0.090909,cafe
6811,0.686869,0.101010,school
6812,0.686869,0.111111,cafe
6813,0.686869,0.121212,cafe
6814,0.686869,0.131313,cafe
6815,0.686869,0.141414,cafe
6816,0.686869,0.151515,restaurant
6817,0.686869,0.161616,school
6818,0.686869,0.171717,pharmacy
6819,0.686869,0.181818,cafe
6820,0.686869,0.191919,school
6821,0.686869,0.202020,park
6822,0.686869,0.212121,restaurant
6823,0.686869,0.222222,restaurant
6824,0.686869,0.232323,park
6825,0.686869,0.242424,park
6826,0.686869,0.252525,cafe
6827,0.686869,0.262626,park
6828,0.686869,0.272727,school
6829,0.686869,0.282828,school
6830,0.686869,0.292929,hospital
6831,0.686869,0.303030,cafe
6832,0.686869,0.313131,hospital
6833,0.686869,0.323232,pharmacy
6834,0.686869,0.333333,bank
6835,0.686869,0.343434,park
6836,0.686869,0.353535,hospital
6837,0.686869,0.363636,school
6838,0.686869,0.373737,cafe
6839,0.686869,0.383838,store
6840,0.686869,0.393939,school
6841,0.686869,0.404040,cafe
6842,0.686869,0.414141,cafe
6843,0.686869,0.424242,park
6844,0.686869,0.434343,bank
6845,0.686869,0.444444,school
6846,0.686869,0.454545,restaurant
6847,0.686869,0.464646,cafe
6848,0.686869,0.474747,pharmacy
6849,0.686869,0.484848,store
6850,0.686869,0.494949,restaurant
6851,0.686869,0.505051,pharmacy
6852,0.686869,0.515152,school
6853,0.686869,0.525253,park
6854,0.686869,0.535354,restaurant
6855,0.686869,0.545455,pharmacy
6856,0.686869,0.555556,store
6857,0.686869,0.565657,pharmacy
6858,0.686869,0.575758,pharmacy
6859,0.686869,0.585859,cafe
6860,0.686869,0.595960,school
6861,0.686869,0.606061,park
6862,0.686869,0.616162,bank
6863,0.686869,0.626263,store
6864,0.686869,0.636364,hospital
6865,0.686869,0.646465,restaurant
6866,0.686869,0.656566,store
6867,0.686869,0.666667,store
6868,0.686869,0.676768,pharmacy
6869,0.686869,0.686869,hospital
6870,0.686869,0.696970,park
6871,0.686869,0.707071,store
6872,0.686869,0.717172,restaurant
6873,0.686869,0.727273,bank
6874,0.686869,0.737374,bank
6875,0.686869,0.747475,hospital
6876,0.686869,0.757576,bank
6877,0.686869,0.767677,bank
6878,0.686869,0.777778,park
6879,0.686869,0.787879,park
6880,0.686869,0.797980,restaurant
6881,0.686869,0.808081,park
6882,0.686869,0.818182,bank
6883,0.686869,0.828283,store
6884,0.686869,0.838384,restaurant
6885,0.686869,0.848485,school
6886,0.686869,0.858586,restaurant
6887,0.686869,0.868687,bank
6888,0.686869,0.878788,restaurant
6889,0.686869,0.888889,school
6890,0.686869,0.898990,park
6891,0.686869,0.909091,pharmacy
6892,0.686869,0.919192,store
6893,0.686869,0.929293,bank
6894,0.686869,0.939394,store
6895,0.686869,0.949495,pharmacy
6896,0.686869,0.959596,hospital
6897,0.686869,0.969697,hospital
6898,0.686869,0.979798,bank
6899,0.686869,0.989899,hospital
6900,0.686869,1.000000,park
6901,0.696970,0.000000,hospital
6902,0.696970,0.010101,hospital
6903,0.696970,0.020202,cafe
6904,0.696970,0.030303,restaurant
6905,0.696970,0.040404,hospital
6906,0.696970,0.050505,store
6907,0.696970,0.060606,school
6908,0.696970,0.070707,school
6909,0.696970,0.080808,park
6910,0.696970,0.090909,park
6911,0.696970,0.101010,hospital
6912,0.696970,0.111111,cafe
6913,0.696970,0.121212,school
6914,0.696970,0.131313,store
6915,0.696970,0.141414,pharmacy
6916,0.696970,0.151515,pharmacy
6917,0.696970,0.161616,park
6918,0.696970,0.171717,bank
6919,0.696970,0.181818,hospital
6920,0.696970,0.191919,school
6921,0.696970,0.202020,park
6922,0.696970,0.212121,hospital
6923,0.696970,0.222222,park
6924,0.696970,0.232323,bank
6925,0.696970,0.242424,restaurant
6926,0.696970,0.252525,store
6927,0.696970,0.262626,cafe
6928,0.696970,0.272727,cafe
6929,0.696970,0.282828,park
6930,0.696970,0.292929,restaurant
6931,0.696970,0.303030,restaurant
6932,0.696970,0.313131,pharmacy
6933,0.696970,0.323232,bank
6934,0.696970,0.333333,restaurant
6935,0.696970,0.343434,restaurant
6936,0.696970,0.353535,hospital
6937,0.696970,0.363636,bank
6938,0.696970,0.373737,hospital
6939,0.696970,0.383838,cafe
6940,0.696970,0.393939,school
6941,0.696970,0.404040,cafe
6942,0.696970,0.414141,store
6943,0.696970,0.424242,park
6944,0.696970,0.434343,restaurant
6945,0.696970,0.444444,store
6946,0.696970,0.454545,bank
6947,0.696970,0.464646,restaurant
6948,0.696970,0.474747,store
6949,0.696970,0.484848,store
6950,0.696970,0.494949,school
6951,0.696970,0.505051,pharmacy
6952,0.696970,0.515152,park
6953,0.696970,0.525253,bank
6954,0.696970,0.535354,store
6955,0.696970,0.545455,park
6956,0.696970,0.555556,store
6957,0.696970,0.565657,cafe
6958,0.696970,0.575758,restaurant
6959,0.696970,0.585859,park
6960,0.696970,0.595960,park
6961,0.696970,0.606061,school
6962,0.696970,0.616162,school
6963,0.696970,0.626263,pharmacy
6964,0.696970,0.636364,cafe
6965,0.696970,0.646465,park
6966,0.696970,0.656566,pharmacy
6967,0.696970,0.666667,hospital
6968,0.696970,0.676768,hospital
6969,0.696970,0.686869,cafe
6970,0.696970,0.696970,pharmacy
6971,0.696970,0.707071,school
6972,0.696970,0.717172,hospital
6973,0.696970,0.727273,store
6974,0.696970,0.737374,hospital
6975,0.696970,0.747475,hospital
6976,0.696970,0.757576,pharmacy
6977,0.696970,0.767677,restaurant
6978,0.696970,0.777778,store
6979,0.696970,0.787879,bank
6980,0.696970,0.797980,bank
6981,0.696970,0.808081,school
6982,0.696970,0.818182,cafe
6983,0.696970,0.828283,pharmacy
6984,0.696970,0.838384,pharmacy
6985,0.696970,0.848485,school
6986,0.696970,0.858586,pharmacy
6987,0.696970,0.868687,park
6988,0.696970,0.878788,restaurant
6989,0.696970,0.888889,store
6990,0.696970,0.898990,restaurant
6991,0.696970,0.909091,bank
6992,0.696970,0.919192,store
6993,0.696970,0.929293,school
6994,0.696970,0.939394,pharmacy
6995,0.696970,0.949495,park
6996,0.696970,0.959596,school
6997,0.696970,0.969697,park
6998,0.696970,0.979798,store
6999,0.696970,0.989899,cafe
7000,0.696970,1.000000,park
7001,0.707071,0.000000,park
7002,0.707071,0.010101,park
7003,0.707071,0.020202,bank
7004,0.707071,0.030303,restaurant
7005,0.707071,0.040404,school
7006,0.707071,0.050505,bank
7007,0.707071,0.060606,store
7008,0.707071,0.070707,pharmacy
7009,0.707071,0.080808,pharmacy
7010,0.707071,0.090909,park
7011,0.707071,0.101010,cafe
7012,0.707071,0.111111,hospital
7013,0.707071,0.121212,hospital
7014,0.707071,0.131313,store
7015,0.707071,0.141414,store
7016,0.707071,0.151515,store
7017,0.707071,0.161616,park
7018,0.707071,0.171717,pharmacy
7019,0.707071,0.181818,store
7020,0.707071,0.191919,pharmacy
7021,0.707071,0.202020,restaurant
7022,0.707071,0.212121,cafe
7023,0.707071,0.222222,park
7024,0.707071,0.232323,school
7025,0.707071,0.242424,bank
7026,0.707071,0.252525,hospital
7027,0.707071,0.262626,park
7028,0.707071,0.272727,cafe
7029,0.707071,0.282828,park
7030,0.707071,0.292929,store
7031,0.707071,0.303030,school
7032,0.707071,0.313131,bank
7033,0.707071,0.323232,bank
7034,0.707071,0.333333,hospital
7035,0.707071,0.343434,hospital
7036,0.707071,0.353535,cafe
7037,0.707071,0.363636,pharmacy
7038,0.707071,0.373737,pharmacy
7039,0.707071,0.383838,restaurant
7040,0.707071,0.393939,hospital
7041,0.707071,0.404040,store
7042,0.707071,0.414141,school
7043,0.707071,0.424242,school
7044,0.707071,0.434343,bank
7045,0.707071,0.444444,cafe
7046,0.707071,0.454545,store
7047,0.707071,0.464646,pharmacy
7048,0.707071,0.474747,hospital
7049,0.707071,0.484848,cafe
7050,0.707071,0.494949,restaurant
7051,0.707071,0.505051,park
7052,0.707071,0.515152,school
7053,0.707071,0.525253,hospital
7054,0.707071,0.535354,store
7055,0.707071,0.545455,pharmacy
7056,0.707071,0.555556,hospital
7057,0.707071,0.565657,store
7058,0.707071,0.575758,park
7059,0.707071,0.585859,bank
7060,0.707071,0.595960,store
7061,0.707071,0.606061,hospital
7062,0.707071,0.616162,park
7063,0.707071,0.626263,store
7064,0.707071,0.636364,school
7065,0.707071,0.646465,hospital
7066,0.707071,0.656566,restaurant
7067,0.707071,0.666667,bank
7068,0.707071,0.676768,pharmacy
7069,0.707071,0.686869,pharmacy
7070,0.707071,0.696970,store
7071,0.707071,0.707071,hospital
7072,0.707071,0.717172,store
7073,0.707071,0.727273,restaurant
7074,0.707071,0.737374,pharmacy
7075,0.707071,0.747475,hospital
7076,0.707071,0.757576,store
7077,0.707071,0.767677,store
7078,0.707071,0.777778,school
7079,0.707071,0.787879,store
7080,0.707071,0.797980,restaurant
7081,0.707071,0.808081,restaurant
7082,0.707071,0.818182,park
7083,0.707071,0.828283,pharmacy
7084,0.707071,0.838384,bank
7085,0.707071,0.848485,restaurant
7086,0.707071,0.858586,park
7087,0.707071,0.868687,school
7088,0.707071,0.878788,store
7089,0.707071,0.888889,store
7090,0.707071,0.898990,bank
7091,0.707071,0.909091,school
7092,0.707071,0.919192,restaurant
7093,0.707071,0.929293,park
7094,0.707071,0.939394,school
7095,0.707071,0.949495,park
7096,0.707071,0.959596,hospital
7097,0.707071,0.969697,school
7098,0.707071,0.979798,hospital
7099,0.707071,0.989899,restaurant
7100,0.707071,1.000000,school
7101,0.717172,0.000000,store
7102,0.717172,0.010101,pharmacy
7103,0.717172,0.020202,restaurant
7104,0.717172,0.030303,restaurant
7105,0.717172,0.040404,hospital
7106,0.717172,0.050505,park
7107,0.717172,0.060606,school
7108,0.717172,0.070707,hospital
7109,0.717172,0.080808,school
7110,0.717172,0.090909,cafe
7111,0.717172,0.101010,bank
7112,0.717172,0.111111,restaurant
7113,0.717172,0.121212,bank
7114,0.717172,0.131313,bank
7115,0.717172,0.141414,pharmacy
7116,0.717172,0.151515,store
7117,0.717172,0.161616,restaurant
7118,0.717172,0.171717,cafe
7119,0.717172,0.181818,hospital
7120,0.717172,0.191919,hospital
7121,0.717172,0.202020,school
7122,0.717172,0.212121,park
7123,0.717172,0.222222,hospital
7124,0.717172,0.232323,park
7125,0.717172,0.242424,hospital
7126,0.717172,0.252525,pharmacy
7127,0.717172,0.262626,bank
7128,0.717172,0.272727,cafe
7129,0.717172,0.282828,bank
7130,0.717172,0.292929,hospital
7131,0.717172,0.303030,hospital
7132,0.717172,0.313131,park
7133,0.717172,0.323232,school
7134,0.717172,0.333333,school
7135,0.717172,0.343434,bank
7136,0.717172,0.353535,school
7137,0.717172,0.363636,restaurant
7138,0.717172,0.373737,hospital
7139,0.717172,0.383838,hospital
7140,0.717172,0.393939,school
7141,0.717172,0.404040,restaurant
7142,0.717172,0.414141,park
7143,0.717172,0.424242,store
7144,0.717172,0.434343,store
7145,0.717172,0.444444,restaurant
7146,0.717172,0.454545,hospital
7147,0.717172,0.464646,park
7148,0.717172,0.474747,hospital
7149,0.717172,0.484848,cafe
7150,0.717172,0.494949,store
7151,0.717172,0.505051,store
7152,0.717172,0.515152,park
7153,0.717172,0.525253,cafe
7154,0.717172,0.535354,school
7155,0.717172,0.545455,pharmacy
7156,0.717172,0.555556,pharmacy
7157,0.717172,0.565657,park
7158,0.717172,0.575758,restaurant
7159,0.717172,0.585859,restaurant
7160,0.717172,0.595960,bank
7161,0.717172,0.606061,cafe
7162,0.717172,0.616162,school
7163,0.717172,0.626263,store
7164,0.717172,0.636364,restaurant
7165,0.717172,0.646465,restaurant
7166,0.717172,0.656566,restaurant
7167,0.717172,0.666667,bank
7168,0.717172,0.676768,school
7169,0.717172,0.686869,store
7170,0.717172,0.696970,store
7171,0.717172,0.707071,bank
7172,0.717172,0.717172,hospital
7173,0.717172,0.727273,park
7174,0.717172,0.737374,restaurant
7175,0.717172,0.747475,bank
7176,0.717172,0.757576,hospital
7177,0.717172,0.767677,hospital
7178,0.717172,0.777778,store
7179,0.717172,0.787879,cafe
7180,0.717172,0.797980,restaurant
7181,0.717172,0.808081,restaurant
7182,0.717172,0.818182,store
7183,0.717172,0.828283,park
7184,0.717172,0.838384,cafe
7185,0.717172,0.848485,hospital
7186,0.717172,0.858586,bank
7187,0.717172,0.868687,park
7188,0.717172,0.878788,park
7189,0.717172,0.888889,restaurant
7190,0.717172,0.898990,store
7191,0.717172,0.909091,store
7192,0.717172,0.919192,hospital
7193,0.717172,0.929293,hospital
7194,0.717172,0.939394,store
7195,0.717172,0.949495,park
7196,0.717172,0.959596,school
7197,0.717172,0.969697,restaurant
7198,0.717172,0.979798,cafe
7199,0.717172,0.989899,pharmacy
7200,0.717172,1.000000,park
7201,0.727273,0.000000,hospital
7202,0.727273,0.010101,store
7203,0.727273,0.020202,restaurant
7204,0.727273,0.030303,restaurant
7205,0.727273,0.040404,store
7206,0.727273,0.050505,pharmacy
7207,0.727273,0.060606,cafe
7208,0.727273,0.070707,restaurant
7209,0.727273,0.080808,pharmacy
7210,0.727273,0.090909,restaurant
7211,0.727273,0.101010,pharmacy
7212,0.727273,0.111111,park
7213,0.727273,0.121212,park
7214,0.727273,0.131313,hospital
7215,0.727273,0.141414,hospital
7216,0.727273,0.151515,school
7217,0.727273,0.161616,restaurant
7218,0.727273,0.171717,restaurant
7219,0.727273,0.181818,school
7220,0.727273,0.191919,hospital
7221,0.727273,0.202020,bank
7222,0.727273,0.212121,pharmacy
7223,0.727273,0.222222,park
7224,0.727273,0.232323,restaurant
7225,0.727273,0.242424,restaurant
7226,0.727273,0.252525,cafe
7227,0.727273,0.262626,park
7228,0.727273,0.272727,hospital
7229,0.727273,0.282828,hospital
7230,0.727273,0.292929,hospital
7231,0.727273,0.303030,restaurant
7232,0.727273,0.313131,bank
7233,0.727273,0.323232,school
7234,0.727273,0.333333,park
7235,0.727273,0.343434,pharmacy
7236,0.727273,0.353535,hospital
7237,0.727273,0.363636,park
7238,0.727273,0.373737,school
7239,0.727273,0.383838,park
7240,0.727273,0.393939,restaurant
7241,0.727273,0.404040,restaurant
7242,0.727273,0.414141,store
7243,0.727273,0.424242,hospital
7244,0.727273,0.434343,hospital
7245,0.727273,0.444444,school
7246,0.727273,0.454545,pharmacy
7247,0.727273,0.464646,store
7248,0.727273,0.474747,restaurant
7249,0.727273,0.484848,school
7250,0.727273,0.494949,hospital
7251,0.727273,0.505051,restaurant
7252,0.727273,0.515152,school
7253,0.727273,0.525253,school
7254,0.727273,0.535354,cafe
7255,0.727273,0.545455,pharmacy
7256,0.727273,0.555556,cafe
7257,0.727273,0.565657,school
7258,0.727273,0.575758,hospital
7259,0.727273,0.585859,cafe
7260,0.727273,0.595960,cafe
7261,0.727273,0.606061,school
7262,0.727273,0.616162,store
7263,0.727273,0.626263,restaurant
7264,0.727273,0.636364,store
7265,0.727273,0.646465,hospital
7266,0.727273,0.656566,school
7267,0.727273,0.666667,bank
7268,0.727273,0.676768,pharmacy
7269,0.727273,0.686869,restaurant
7270,0.727273,0.696970,school
7271,0.727273,0.707071,store
7272,0.727273,0.717172,restaurant
7273,0.727273,0.727273,park
7274,0.727273,0.737374,restaurant
7275,0.727273,0.747475,park
7276,0.727273,0.757576,park
7277,0.727273,0.767677,pharmacy
7278,0.727273,0.777778,store
7279,0.727273,0.787879,pharmacy
7280,0.727273,0.797980,park
7281,0.727273,0.808081,cafe
7282,0.727273,0.818182,pharmacy
7283,0.727273,0.828283,restaurant
7284,0.727273,0.838384,bank
7285,0.727273,0.848485,hospital
7286,0.727273,0.858586,pharmacy
7287,0.727273,0.868687,restaurant
7288,0.727273,0.878788,park
7289,0.727273,0.888889,bank
7290,0.727273,0.898990,hospital
7291,0.727273,0.909091,restaurant
7292,0.727273,0.919192,school
7293,0.727273,0.929293,park
7294,0.727273,0.939394,school
7295,0.727273,0.949495,cafe
7296,0.727273,0.959596,cafe
7297,0.727273,0.969697,store
7298,0.727273,0.979798,school
7299,0.727273,0.989899,bank
7300,0.727273,1.000000,hospital
7301,0.737374,0.000000,park
7302,0.737374,0.010101,bank
7303,0.737374,0.020202,park
7304,0.737374,0.030303,pharmacy
7305,0.737374,0.040404,school
7306,0.737374,0.050505,cafe
7307,0.737374,0.060606,cafe
7308,0.737374,0.070707,restaurant
7309,0.737374,0.080808,hospital
7310,0.737374,0.090909,school
7311,0.737374,0.101010,pharmacy
7312,0.737374,0.111111,store
7313,0.737374,0.121212,bank
7314,0.737374,0.131313,restaurant
7315,0.737374,0.141414,restaurant
7316,0.737374,0.151515,school
7317,0.737374,0.161616,park
7318,0.737374,0.171717,hospital
7319,0.737374,0.181818,cafe
7320,0.737374,0.191919,hospital
7321,0.737374,0.202020,restaurant
7322,0.737374,0.212121,hospital
7323,0.737374,0.222222,bank
7324,0.737374,0.232323,restaurant
7325,0.737374,0.242424,bank
7326,0.737374,0.252525,cafe
7327,0.737374,0.262626,restaurant
7328,0.737374,0.272727,pharmacy
7329,0.737374,0.282828,store
7330,0.737374,0.292929,park
7331,0.737374,0.303030,bank
7332,0.737374,0.313131,hospital
7333,0.737374,0.323232,cafe
7334,0.737374,0.333333,cafe
7335,0.737374,0.343434,school
7336,0.737374,0.353535,pharmacy
7337,0.737374,0.363636,hospital
7338,0.737374,0.373737,bank
7339,0.737374,0.383838,bank
7340,0.737374,0.393939,cafe
7341,0.737374,0.404040,school
7342,0.737374,0.414141,cafe
7343,0.737374,0.424242,school
7344,0.737374,0.434343,store
7345,0.737374,0.444444,cafe
7346,0.737374,0.454545,hospital
7347,0.737374,0.464646,store
7348,0.737374,0.474747,pharmacy
7349,0.737374,0.484848,park
7350,0.737374,0.494949,store
7351,0.737374,0.505051,bank
7352,0.737374,0.515152,bank
7353,0.737374,0.525253,restaurant
7354,0.737374,0.535354,pharmacy
7355,0.737374,0.545455,pharmacy
7356,0.737374,0.555556,school
7357,0.737374,0.565657,store
7358,0.737374,0.575758,store
7359,0.737374,0.585859,school
7360,0.737374,0.595960,cafe
7361,0.737374,0.606061,store
7362,0.737374,0.616162,bank
7363,0.737374,0.626263,school
7364,0.737374,0.636364,pharmacy
7365,0.737374,0.646465,pharmacy
7366,0.737374,0.656566,store
7367,0.737374,0.666667,restaurant
7368,0.737374,0.676768,bank
7369,0.737374,0.686869,store
7370,0.737374,0.696970,hospital
7371,0.737374,0.707071,pharmacy
7372,0.737374,0.717172,restaurant
7373,0.737374,0.727273,bank
7374,0.737374,0.737374,pharmacy
7375,0.737374,0.747475,school
7376,0.737374,0.757576,school
7377,0.737374,0.767677,bank
7378,0.737374,0.777778,park
7379,0.737374,0.787879,restaurant
7380,0.737374,0.797980,school
7381,0.737374,0.808081,restaurant
7382,0.737374,0.818182,cafe
7383,0.737374,0.828283,cafe
7384,0.737374,0.838384,store
7385,0.737374,0.848485,restaurant
7386,0.737374,0.858586,store
7387,0.737374,0.868687,store
7388,0.737374,0.878788,park
7389,0.737374,0.888889,store
7390,0.737374,0.898990,school
7391,0.737374,0.909091,store
7392,0.737374,0.919192,pharmacy
7393,0.737374,0.929293,store
7394,0.737374,0.939394,bank
7395,0.737374,0.949495,store
7396,0.737374,0.959596,cafe
7397,0.737374,0.969697,restaurant
7398,0.737374,0.979798,bank
7399,0.737374,0.989899,school
7400,0.737374,1.000000,restaurant
7401,0.747475,0.000000,park
7402,0.747475,0.010101,cafe
7403,0.747475,0.020202,store
7404,0.747475,0.030303,cafe
7405,0.747475,0.040404,bank
7406,0.747475,0.050505,store
7407,0.747475,0.060606,school
7408,0.747475,0.070707,bank
7409,0.747475,0.080808,hospital
7410,0.747475,0.090909,cafe
7411,0.747475,0.101010,school
7412,0.747475,0.111111,school
7413,0.747475,0.121212,cafe
7414,0.747475,0.131313,restaurant
7415,0.747475,0.141414,bank
7416,0.747475,0.151515,hospital
7417,0.747475,0.161616,park
7418,0.747475,0.171717,store
7419,0.747475,0.181818,cafe
7420,0.747475,0.191919,park
7421,0.747475,0.202020,cafe
7422,0.747475,0.212121,park
7423,0.747475,0.222222,restaurant
7424,0.747475,0.232323,pharmacy
7425,0.747475,0.242424,bank
7426,0.747475,0.252525,store
7427,0.747475,0.262626,bank
7428,0.747475,0.272727,cafe
7429,0.747475,0.282828,bank
7430,0.747475,0.292929,park
7431,0.747475,0.303030,restaurant
7432,0.747475,0.313131,pharmacy
7433,0.747475,0.323232,school
7434,0.747475,0.333333,bank
7435,0.747475,0.343434,hospital
7436,0.747475,0.353535,hospital
7437,0.747475,0.363636,cafe
7438,0.747475,0.373737,store
7439,0.747475,0.383838,hospital
7440,0.747475,0.393939,store
7441,0.747475,0.404040,cafe
7442,0.747475,0.414141,hospital
7443,0.747475,0.424242,park
7444,0.747475,0.434343,pharmacy
7445,0.747475,0.444444,park
7446,0.747475,0.454545,school
7447,0.747475,0.464646,cafe
7448,0.747475,0.474747,pharmacy
7449,0.747475,0.484848,pharmacy
7450,0.747475,0.494949,park
7451,0.747475,0.505051,school
7452,0.747475,0.515152,restaurant
7453,0.747475,0.525253,school
7454,0.747475,0.535354,bank
7455,0.747475,0.545455,pharmacy
7456,0.747475,0.555556,hospital
7457,0.747475,0.565657,hospital
7458,0.747475,0.575758,store
7459,0.747475,0.585859,restaurant
7460,0.747475,0.595960,bank
7461,0.747475,0.606061,bank
7462,0.747475,0.616162,restaurant
7463,0.747475,0.626263,store
7464,0.747475,0.636364,pharmacy
7465,0.747475,0.646465,pharmacy
7466,0.747475,0.656566,store
7467,0.747475,0.666667,school
7468,0.747475,0.676768,bank
7469,0.747475,0.686869,store
7470,0.747475,0.696970,pharmacy
7471,0.747475,0.707071,school
7472,0.747475,0.717172,hospital
7473,0.747475,0.727273,school
7474,0.747475,0.737374,restaurant
7475,0.747475,0.747475,pharmacy
7476,0.747475,0.757576,school
7477,0.747475,0.767677,bank
7478,0.747475,0.777778,hospital
7479,0.747475,0.787879,school
7480,0.747475,0.797980,hospital
7481,0.747475,0.808081,bank
7482,0.747475,0.818182,school
7483,0.747475,0.828283,school
7484,0.747475,0.838384,hospital
7485,0.747475,0.848485,bank
7486,0.747475,0.858586,cafe
7487,0.747475,0.868687,pharmacy
7488,0.747475,0.878788,pharmacy
7489,0.747475,0.888889,hospital
7490,0.747475,0.898990,pharmacy
7491,0.747475,0.909091,hospital
7492,0.747475,0.919192,park
7493,0.747475,0.929293,school
7494,0.747475,0.939394,hospital
7495,0.747475,0.949495,store
7496,0.747475,0.959596,bank
7497,0.747475,0.969697,hospital
7498,0.747475,0.979798,restaurant
7499,0.747475,0.989899,store
7500,0.747475,1.000000,store
7501,0.757576,0.000000,cafe
7502,0.757576,0.010101,school
7503,0.757576,0.020202,pharmacy
7504,0.757576,0.030303,school
7505,0.757576,0.040404,store
7506,0.757576,0.050505,school
7507,0.757576,0.060606,cafe
7508,0.757576,0.070707,bank
7509,0.757576,0.080808,park
7510,0.757576,0.090909,cafe
7511,0.757576,0.101010,school
7512,0.757576,0.111111,hospital
7513,0.757576,0.121212,restaurant
7514,0.757576,0.131313,hospital
7515,0.757576,0.141414,hospital
7516,0.757576,0.151515,restaurant
7517,0.757576,0.161616,bank
7518,0.757576,0.171717,bank
7519,0.757576,0.181818,store
7520,0.757576,0.191919,school
7521,0.757576,0.202020,restaurant
7522,0.757576,0.212121,pharmacy
7523,0.757576,0.222222,restaurant
7524,0.757576,0.232323,school
7525,0.757576,0.242424,store
7526,0.757576,0.252525,school
7527,0.757576,0.262626,park
7528,0.757576,0.272727,bank
7529,0.757576,0.282828,restaurant
7530,0.757576,0.292929,hospital
7531,0.757576,0.303030,school
7532,0.757576,0.313131,restaurant
7533,0.757576,0.323232,restaurant
7534,0.757576,0.333333,bank
7535,0.757576,0.343434,store
7536,0.757576,0.353535,restaurant
7537,0.757576,0.363636,pharmacy
7538,0.757576,0.373737,store
7539,0.757576,0.383838,restaurant
7540,0.757576,0.393939,school
7541,0.757576,0.404040,store
7542,0.757576,0.414141,bank
7543,0.757576,0.424242,store
7544,0.757576,0.434343,hospital
7545,0.757576,0.444444,restaurant
7546,0.757576,0.454545,bank
7547,0.757576,0.464646,restaurant
7548,0.757576,0.474747,school
7549,0.757576,0.484848,store
7550,0.757576,0.494949,store
7551,0.757576,0.505051,hospital
7552,0.757576,0.515152,school
7553,0.757576,0.525253,bank
7554,0.757576,0.535354,hospital
7555,0.757576,0.545455,pharmacy
7556,0.757576,0.555556,store
7557,0.757576,0.565657,store
7558,0.757576,0.575758,hospital
7559,0.757576,0.585859,hospital
7560,0.757576,0.595960,park
7561,0.757576,0.606061,school
7562,0.757576,0.616162,school
7563,0.757576,0.626263,bank
7564,0.757576,0.636364,bank
7565,0.757576,0.646465,school
7566,0.757576,0.656566,store
7567,0.757576,0.666667,hospital
7568,0.757576,0.676768,park
7569,0.757576,0.686869,restaurant
7570,0.757576,0.696970,cafe
7571,0.757576,0.707071,cafe
7572,0.757576,0.717172,school
7573,0.757576,0.727273,park
7574,0.757576,0.737374,restaurant
7575,0.757576,0.747475,store
7576,0.757576,0.757576,hospital
7577,0.757576,0.767677,bank
7578,0.757576,0.777778,pharmacy
7579,0.757576,0.787879,cafe
7580,0.757576,0.797980,pharmacy
7581,0.757576,0.808081,pharmacy
7582,0.757576,0.818182,pharmacy
7583,0.757576,0.828283,bank
7584,0.757576,0.838384,school
7585,0.757576,0.848485,school
7586,0.757576,0.858586,hospital
7587,0.757576,0.868687,hospital
7588,0.757576,0.878788,restaurant
7589,0.757576,0.888889,store
7590,0.757576,0.898990,cafe
7591,0.757576,0.909091,restaurant
7592,0.757576,0.919192,school
7593,0.757576,0.929293,pharmacy
7594,0.757576,0.939394,bank
7595,0.757576,0.949495,store
7596,0.757576,0.959596,hospital
7597,0.757576,0.969697,cafe
7598,0.757576,0.979798,school
7599,0.757576,0.989899,bank
7600,0.757576,1.000000,store
7601,0.767677,0.000000,pharmacy
7602,0.767677,0.010101,cafe
7603,0.767677,0.020202,pharmacy
7604,0.767677,0.030303,park
7605,0.767677,0.040404,school
7606,0.767677,0.050505,bank
7607,0.767677,0.060606,park
7608,0.767677,0.070707,cafe
7609,0.767677,0.080808,school
7610,0.767677,0.090909,pharmacy
7611,0.767677,0.101010,store
7612,0.767677,0.111111,store
7613,0.767677,0.121212,school
7614,0.767677,0.131313,pharmacy
7615,0.767677,0.141414,cafe
7616,0.767677,0.151515,bank
7617,0.767677,0.161616,cafe
7618,0.767677,0.171717,restaurant
7619,0.767677,0.181818,park
7620,0.767677,0.191919,bank
7621,0.767677,0.202020,pharmacy
7622,0.767677,0.212121,park
7623,0.767677,0.222222,bank
7624,0.767677,0.232323,restaurant
7625,0.767677,0.242424,store
7626,0.767677,0.252525,cafe
7627,0.767677,0.262626,pharmacy
7628,0.767677,0.272727,restaurant
7629,0.767677,0.282828,park
7630,0.767677,0.292929,pharmacy
7631,0.767677,0.303030,store
7632,0.767677,0.313131,school
7633,0.767677,0.323232,restaurant
7634,0.767677,0.333333,hospital
7635,0.767677,0.343434,hospital
7636,0.767677,0.353535,store
7637,0.767677,0.363636,school
7638,0.767677,0.373737,pharmacy
7639,0.767677,0.383838,pharmacy
7640,0.767677,0.393939,cafe
7641,0.767677,0.404040,hospital
7642,0.767677,0.414141,cafe
7643,0.767677,0.424242,school
7644,0.767677,0.434343,store
7645,0.767677,0.444444,cafe
7646,0.767677,0.454545,cafe
7647,0.767677,0.464646,school
7648,0.767677,0.474747,park
7649,0.767677,0.484848,store
7650,0.767677,0.494949,park
7651,0.767677,0.505051,bank
7652,0.767677,0.515152,school
7653,0.767677,0.525253,restaurant
7654,0.767677,0.535354,hospital
7655,0.767677,0.545455,restaurant
7656,0.767677,0.555556,bank
7657,0.767677,0.565657,pharmacy
7658,0.767677,0.575758,store
7659,0.767677,0.585859,bank
7660,0.767677,0.595960,restaurant
7661,0.767677,0.606061,hospital
7662,0.767677,0.616162,store
7663,0.767677,0.626263,cafe
7664,0.767677,0.636364,hospital
7665,0.767677,0.646465,restaurant
7666,0.767677,0.656566,pharmacy
7667,0.767677,0.666667,park
7668,0.767677,0.676768,school
7669,0.767677,0.686869,restaurant
7670,0.767677,0.696970,cafe
7671,0.767677,0.707071,restaurant
7672,0.767677,0.717172,store
7673,0.767677,0.727273,cafe
7674,0.767677,0.737374,hospital
7675,0.767677,0.747475,pharmacy
7676,0.767677,0.757576,park
7677,0.767677,0.767677,park
7678,0.767677,0.777778,school
7679,0.767677,0.787879,cafe
7680,0.767677,0.797980,bank
7681,0.767677,0.808081,park
7682,0.767677,0.818182,park
7683,0.767677,0.828283,store
7684,0.767677,0.838384,restaurant
7685,0.767677,0.848485,store
7686,0.767677,0.858586,store
7687,0.767677,0.868687,restaurant
7688,0.767677,0.878788,bank
7689,0.767677,0.888889,school
7690,0.767677,0.898990,pharmacy
7691,0.767677,0.909091,pharmacy
7692,0.767677,0.919192,cafe
7693,0.767677,0.929293,hospital
7694,0.767677,0.939394,park
7695,0.767677,0.949495,park
7696,0.767677,0.959596,restaurant
7697,0.767677,0.969697,school
7698,0.767677,0.979798,school
7699,0.767677,0.989899,hospital
7700,0.767677,1.000000,park
7701,0.777778,0.000000,store
7702,0.777778,0.010101,school
7703,0.777778,0.020202,park
7704,0.777778,0.030303,bank
7705,0.777778,0.040404,park
7706,0.777778,0.050505,school
7707,0.777778,0.060606,restaurant
7708,0.777778,0.070707,school
7709,0.777778,0.080808,bank
7710,0.777778,0.090909,pharmacy
7711,0.777778,0.101010,bank
7712,0.777778,0.111111,school
7713,0.777778,0.121212,park
7714,0.777778,0.131313,park
7715,0.777778,0.141414,restaurant
7716,0.777778,0.151515,bank
7717,0.777778,0.161616,bank
7718,0.777778,0.171717,restaurant
7719,0.777778,0.181818,cafe
7720,0.777778,0.191919,store
7721,0.777778,0.202020,store
7722,0.777778,0.212121,cafe
7723,0.777778,0.222222,restaurant
7724,0.777778,0.232323,store
7725,0.777778,0.242424,restaurant
7726,0.777778,0.252525,hospital
7727,0.777778,0.262626,hospital
7728,0.777778,0.272727,pharmacy
7729,0.777778,0.282828,restaurant
7730,0.777778,0.292929,restaurant
7731,0.777778,0.303030,bank
7732,0.777778,0.313131,cafe
7733,0.777778,0.323232,school
7734,0.777778,0.333333,cafe
7735,0.777778,0.343434,pharmacy
7736,0.777778,0.353535,restaurant
7737,0.777778,0.363636,school
7738,0.777778,0.373737,school
7739,0.777778,0.383838,school
7740,0.777778,0.393939,bank
7741,0.777778,0.404040,restaurant
7742,0.777778,0.414141,hospital
7743,0.777778,0.424242,pharmacy
7744,0.777778,0.434343,store
7745,0.777778,0.444444,pharmacy
7746,0.777778,0.454545,school
7747,0.777778,0.464646,store
7748,0.777778,0.474747,park
7749,0.777778,0.484848,store
7750,0.777778,0.494949,pharmacy
7751,0.777778,0.505051,store
7752,0.777778,0.515152,school
7753,0.777778,0.525253,bank
7754,0.777778,0.535354,pharmacy
7755,0.777778,0.545455,store
7756,0.777778,0.555556,store
7757,0.777778,0.565657,hospital
7758,0.777778,0.575758,store
7759,0.777778,0.585859,school
7760,0.777778,0.595960,cafe
7761,0.777778,0.606061,pharmacy
7762,0.777778,0.616162,restaurant
7763,0.777778,0.626263,cafe
7764,0.777778,0.636364,store
7765,0.777778,0.646465,hospital
7766,0.777778,0.656566,store
7767,0.777778,0.666667,park
7768,0.777778,0.676768,cafe
7769,0.777778,0.686869,restaurant
7770,0.777778,0.696970,restaurant
7771,0.777778,0.707071,store
7772,0.777778,0.717172,restaurant
7773,0.777778,0.727273,store
7774,0.777778,0.737374,pharmacy
7775,0.777778,0.747475,school
7776,0.777778,0.757576,school
7777,0.777778,0.767677,cafe
7778,0.777778,0.777778,hospital
7779,0.777778,0.787879,park
7780,0.777778,0.797980,pharmacy
7781,0.777778,0.808081,pharmacy
7782,0.777778,0.818182,park
7783,0.777778,0.828283,store
7784,0.777778,0.838384,store
7785,0.777778,0.848485,store
7786,0.777778,0.858586,school
7787,0.777778,0.868687,restaurant
7788,0.777778,0.878788,school
7789,0.777778,0.888889,park
7790,0.777778,0.898990,hospital
7791,0.777778,0.909091,park
7792,0.777778,0.919192,bank
7793,0.777778,0.929293,hospital
7794,0.777778,0.939394,store
7795,0.777778,0.949495,school
7796,0.777778,0.959596,park
7797,0.777778,0.969697,cafe
7798,0.777778,0.979798,park
7799,0.777778,0.989899,park
7800,0.777778,1.000000,pharmacy
7801,0.787879,0.000000,school
7802,0.787879,0.010101,cafe
7803,0.787879,0.020202,park
7804,0.787879,0.030303,hospital
7805,0.787879,0.040404,school
7806,0.787879,0.050505,park
7807,0.787879,0.060606,park
7808,0.787879,0.070707,restaurant
7809,0.787879,0.080808,park
7810,0.787879,0.090909,school
7811,0.787879,0.101010,park
7812,0.787879,0.111111,cafe
7813,0.787879,0.121212,school
7814,0.787879,0.131313,cafe
7815,0.787879,0.141414,park
7816,0.787879,0.151515,store
7817,0.787879,0.161616,cafe
7818,0.787879,0.171717,pharmacy
7819,0.787879,0.181818,park
7820,0.787879,0.191919,cafe
7821,0.787879,0.202020,cafe
7822,0.787879,0.212121,park
7823,0.787879,0.222222,park
7824,0.787879,0.232323,park
7825,0.787879,0.242424,cafe
7826,0.787879,0.252525,restaurant
7827,0.787879,0.262626,hospital
7828,0.787879,0.272727,hospital
7829,0.787879,0.282828,park
7830,0.787879,0.292929,hospital
7831,0.787879,0.303030,pharmacy
7832,0.787879,0.313131,hospital
7833,0.787879,0.323232,cafe
7834,0.787879,0.333333,bank
7835,0.787879,0.343434,cafe
7836,0.787879,0.353535,pharmacy
7837,0.787879,0.363636,park
7838,0.787879,0.373737,park
7839,0.787879,0.383838,store
7840,0.787879,0.393939,pharmacy
7841,0.787879,0.404040,pharmacy
7842,0.787879,0.414141,bank
7843,0.787879,0.424242,store
7844,0.787879,0.434343,cafe
7845,0.787879,0.444444,pharmacy
7846,0.787879,0.454545,park
7847,0.787879,0.464646,park
7848,0.787879,0.474747,hospital
7849,0.787879,0.484848,cafe
7850,0.787879,0.494949,hospital
7851,0.787879,0.505051,cafe
7852,0.787879,0.515152,cafe
7853,0.787879,0.525253,park
7854,0.787879,0.535354,bank
7855,0.787879,0.545455,bank
7856,0.787879,0.555556,store
7857,0.787879,0.565657,bank
7858,0.787879,0.575758,park
7859,0.787879,0.585859,park
7860,0.787879,0.595960,cafe
7861,0.787879,0.606061,restaurant
7862,0.787879,0.616162,school
7863,0.787879,0.626263,cafe
7864,0.787879,0.636364,bank
7865,0.787879,0.646465,school
7866,0.787879,0.656566,school
7867,0.787879,0.666667,cafe
7868,0.787879,0.676768,park
7869,0.787879,0.686869,hospital
7870,0.787879,0.696970,restaurant
7871,0.787879,0.707071,pharmacy
7872,0.787879,0.717172,hospital
7873,0.787879,0.727273,school
7874,0.787879,0.737374,hospital
7875,0.787879,0.747475,cafe
7876,0.787879,0.757576,hospital
7877,0.787879,0.767677,park
7878,0.787879,0.777778,restaurant
7879,0.787879,0.787879,cafe
7880,0.787879,0.797980,store
7881,0.787879,0.808081,school
7882,0.787879,0.818182,school
7883,0.787879,0.828283,park
7884,0.787879,0.838384,restaurant
7885,0.787879,0.848485,park
7886,0.787879,0.858586,park
7887,0.787879,0.868687,restaurant
7888,0.787879,0.878788,restaurant
7889,0.787879,0.888889,store
7890,0.787879,0.898990,bank
7891,0.787879,0.909091,pharmacy
7892,0.787879,0.919192,store
7893,0.787879,0.929293,park
7894,0.787879,0.939394,cafe
7895,0.787879,0.949495,bank
7896,0.787879,0.959596,school
7897,0.787879,0.969697,store
7898,0.787879,0.979798,cafe
7899,0.787879,0.989899,cafe
7900,0.787879,1.000000,cafe
7901,0.797980,0.000000,restaurant
7902,0.797980,0.010101,hospital
7903,0.797980,0.020202,bank
7904,0.797980,0.030303,pharmacy
7905,0.797980,0.040404,pharmacy
7906,0.797980,0.050505,cafe
7907,0.797980,0.060606,bank
7908,0.797980,0.070707,hospital
7909,0.797980,0.080808,restaurant
7910,0.797980,0.090909,store
7911,0.797980,0.101010,restaurant
7912,0.797980,0.111111,pharmacy
7913,0.797980,0.121212,park
7914,0.797980,0.131313,store
7915,0.797980,0.141414,park
7916,0.797980,0.151515,hospital
7917,0.797980,0.161616,cafe
7918,0.797980,0.171717,restaurant
7919,0.797980,0.181818,hospital
7920,0.797980,0.191919,park
7921,0.797980,0.202020,school
7922,0.797980,0.212121,pharmacy
7923,0.797980,0.222222,cafe
7924,0.797980,0.232323,pharmacy
7925,0.797980,0.242424,bank
7926,0.797980,0.252525,store
7927,0.797980,0.262626,park
7928,0.797980,0.272727,cafe
7929,0.797980,0.282828,pharmacy
7930,0.797980,0.292929,cafe
7931,0.797980,0.303030,school
7932,0.797980,0.313131,park
7933,0.797980,0.323232,hospital
7934,0.797980,0.333333,school
7935,0.797980,0.343434,hospital
7936,0.797980,0.353535,bank
7937,0.797980,0.363636,school
7938,0.797980,0.373737,pharmacy
7939,0.797980,0.383838,cafe
7940,0.797980,0.393939,store
7941,0.797980,0.404040,cafe
7942,0.797980,0.414141,pharmacy
7943,0.797980,0.424242,restaurant
7944,0.797980,0.434343,restaurant
7945,0.797980,0.444444,hospital
7946,0.797980,0.454545,restaurant
7947,0.797980,0.464646,pharmacy
7948,0.797980,0.474747,pharmacy
7949,0.797980,0.484848,cafe
7950,0.797980,0.494949,cafe
7951,0.797980,0.505051,cafe
7952,0.797980,0.515152,school
7953,0.797980,0.525253,pharmacy
7954,0.797980,0.535354,store
7955,0.797980,0.545455,park
7956,0.797980,0.555556,restaurant
7957,0.797980,0.565657,cafe
7958,0.797980,0.575758,park
7959,0.797980,0.585859,store
7960,0.797980,0.595960,bank
7961,0.797980,0.606061,restaurant
7962,0.797980,0.616162,cafe
7963,0.797980,0.626263,pharmacy
7964,0.797980,0.636364,hospital
7965,0.797980,0.646465,store
7966,0.797980,0.656566,pharmacy
7967,0.797980,0.666667,restaurant
7968,0.797980,0.676768,store
7969,0.797980,0.686869,cafe
7970,0.797980,0.696970,park
7971,0.797980,0.707071,store
7972,0.797980,0.717172,school
7973,0.797980,0.727273,park
7974,0.797980,0.737374,restaurant
7975,0.797980,0.747475,store
7976,0.797980,0.757576,bank
7977,0.797980,0.767677,cafe
7978,0.797980,0.777778,cafe
7979,0.797980,0.787879,school
7980,0.797980,0.797980,pharmacy
7981,0.797980,0.808081,school
7982,0.797980,0.818182,park
7983,0.797980,0.828283,school
7984,0.797980,0.838384,park
7985,0.797980,0.848485,hospital
7986,0.797980,0.858586,cafe
7987,0.797980,0.868687,hospital
7988,0.797980,0.878788,pharmacy
7989,0.797980,0.888889,cafe
7990,0.797980,0.898990,pharmacy
7991,0.797980,0.909091,school
7992,0.797980,0.919192,cafe
7993,0.797980,0.929293,hospital
7994,0.797980,0.939394,hospital
7995,0.797980,0.949495,pharmacy
7996,0.797980,0.959596,restaurant
7997,0.797980,0.969697,store
7998,0.797980,0.979798,cafe
7999,0.797980,0.989899,store
8000,0.797980,1.000000,school
8001,0.808081,0.000000,pharmacy
8002,0.808081,0.010101,bank
8003,0.808081,0.020202,hospital
8004,0.808081,0.030303,restaurant
8005,0.808081,0.040404,park
8006,0.808081,0.050505,park
8007,0.808081,0.060606,bank
8008,0.808081,0.070707,cafe
8009,0.808081,0.080808,bank
8010,0.808081,0.090909,bank
8011,0.808081,0.101010,store
8012,0.808081,0.111111,bank
8013,0.808081,0.121212,school
8014,0.808081,0.131313,store
8015,0.808081,0.141414,cafe
8016,0.808081,0.151515,restaurant
8017,0.808081,0.161616,school
8018,0.808081,0.171717,bank
8019,0.808081,0.181818,store
8020,0.808081,0.191919,bank
8021,0.808081,0.202020,restaurant
8022,0.808081,0.212121,park
8023,0.808081,0.222222,restaurant
8024,0.808081,0.232323,bank
8025,0.808081,0.242424,bank
8026,0.808081,0.252525,school
8027,0.808081,0.262626,school
8028,0.808081,0.272727,school
8029,0.808081,0.282828,store
8030,0.808081,0.292929,cafe
8031,0.808081,0.303030,cafe
8032,0.808081,0.313131,hospital
8033,0.808081,0.323232,bank
8034,0.808081,0.333333,cafe
8035,0.808081,0.343434,school
8036,0.808081,0.353535,park
8037,0.808081,0.363636,school
8038,0.808081,0.373737,restaurant
8039,0.808081,0.383838,park
8040,0.808081,0.393939,cafe
8041,0.808081,0.404040,park
8042,0.808081,0.414141,pharmacy
8043,0.808081,0.424242,restaurant
8044,0.808081,0.434343,school
8045,0.808081,0.444444,restaurant
8046,0.808081,0.454545,hospital
8047,0.808081,0.464646,restaurant
8048,0.808081,0.474747,store
8049,0.808081,0.484848,hospital
8050,0.808081,0.494949,bank
8051,0.808081,0.505051,pharmacy
8052,0.808081,0.515152,pharmacy
8053,0.808081,0.525253,bank
8054,0.808081,0.535354,restaurant
8055,0.808081,0.545455,bank
8056,0.808081,0.555556,hospital
8057,0.808081,0.565657,cafe
8058,0.808081,0.575758,bank
8059,0.808081,0.585859,cafe
8060,0.808081,0.595960,pharmacy
8061,0.808081,0.606061,school
8062,0.808081,0.616162,store
8063,0.808081,0.626263,hospital
8064,0.808081,0.636364,bank
8065,0.808081,0.646465,store
8066,0.808081,0.656566,store
8067,0.808081,0.666667,bank
8068,0.808081,0.676768,bank
8069,0.808081,0.686869,pharmacy
8070,0.808081,0.696970,park
8071,0.808081,0.707071,park
8072,0.808081,0.717172,store
8073,0.808081,0.727273,cafe
8074,0.808081,0.737374,bank
8075,0.808081,0.747475,park
8076,0.808081,0.757576,cafe
8077,0.808081,0.767677,store
8078,0.808081,0.777778,cafe
8079,0.808081,0.787879,hospital
8080,0.808081,0.797980,hospital
8081,0.808081,0.808081,restaurant
8082,0.808081,0.818182,park
8083,0.808081,0.828283,hospital
8084,0.808081,0.838384,store
8085,0.808081,0.848485,restaurant
8086,0.808081,0.858586,cafe
8087,0.808081,0.868687,park
8088,0.808081,0.878788,hospital
8089,0.808081,0.888889,store
8090,0.808081,0.898990,hospital
8091,0.808081,0.909091,pharmacy
8092,0.808081,0.919192,store
8093,0.808081,0.929293,school
8094,0.808081,0.939394,restaurant
8095,0.808081,0.949495,cafe
8096,0.808081,0.959596,cafe
8097,0.808081,0.969697,pharmacy
8098,0.808081,0.979798,cafe
8099,0.808081,0.989899,pharmacy
8100,0.808081,1.000000,school
8101,0.818182,0.000000,hospital
8102,0.818182,0.010101,bank
8103,0.818182,0.020202,store
8104,0.818182,0.030303,restaurant
8105,0.818182,0.040404,restaurant
8106,0.818182,0.050505,bank
8107,0.818182,0.060606,bank
8108,0.818182,0.070707,school
8109,0.818182,0.080808,restaurant
8110,0.818182,0.090909,store
8111,0.818182,0.101010,bank
8112,0.818182,0.111111,pharmacy
8113,0.818182,0.121212,bank
8114,0.818182,0.131313,school
8115,0.818182,0.141414,bank
8116,0.818182,0.151515,pharmacy
8117,0.818182,0.161616,bank
8118,0.818182,0.171717,hospital
8119,0.818182,0.181818,hospital
8120,0.818182,0.191919,restaurant
8121,0.818182,0.202020,restaurant
8122,0.818182,0.212121,pharmacy
8123,0.818182,0.222222,bank
8124,0.818182,0.232323,pharmacy
8125,0.818182,0.242424,store
8126,0.818182,0.252525,restaurant
8127,0.818182,0.262626,school
8128,0.818182,0.272727,restaurant
8129,0.818182,0.282828,bank
8130,0.818182,0.292929,hospital
8131,0.818182,0.303030,hospital
8132,0.818182,0.313131,store
8133,0.818182,0.323232,restaurant
8134,0.818182,0.333333,park
8135,0.818182,0.343434,pharmacy
8136,0.818182,0.353535,pharmacy
8137,0.818182,0.363636,hospital
8138,0.818182,0.373737,bank
8139,0.818182,0.383838,hospital
8140,0.818182,0.393939,restaurant
8141,0.818182,0.404040,store
8142,0.818182,0.414141,school
8143,0.818182,0.424242,pharmacy
8144,0.818182,0.434343,restaurant
8145,0.818182,0.444444,school
8146,0.818182,0.454545,store
8147,0.818182,0.464646,park
8148,0.818182,0.474747,pharmacy
8149,0.818182,0.484848,cafe
8150,0.818182,0.494949,park
8151,0.818182,0.505051,cafe
8152,0.818182,0.515152,bank
8153,0.818182,0.525253,school
8154,0.818182,0.535354,cafe
8155,0.818182,0.545455,cafe
8156,0.818182,0.555556,pharmacy
8157,0.818182,0.565657,bank
8158,0.818182,0.575758,park
8159,0.818182,0.585859,pharmacy
8160,0.818182,0.595960,bank
8161,0.818182,0.606061,store
8162,0.818182,0.616162,restaurant
8163,0.818182,0.626263,store
8164,0.818182,0.636364,park
8165,0.818182,0.646465,hospital
8166,0.818182,0.656566,bank
8167,0.818182,0.666667,bank
8168,0.818182,0.676768,store
8169,0.818182,0.686869,store
8170,0.818182,0.696970,restaurant
8171,0.818182,0.707071,restaurant
8172,0.818182,0.717172,store
8173,0.818182,0.727273,bank
8174,0.818182,0.737374,restaurant
8175,0.818182,0.747475,store
8176,0.818182,0.757576,park
8177,0.818182,0.767677,pharmacy
8178,0.818182,0.777778,cafe
8179,0.818182,0.787879,restaurant
8180,0.818182,0.797980,cafe
8181,0.818182,0.808081,park
8182,0.818182,0.818182,restaurant
8183,0.818182,0.828283,cafe
8184,0.818182,0.838384,restaurant
8185,0.818182,0.848485,school
8186,0.818182,0.858586,pharmacy
8187,0.818182,0.868687,restaurant
8188,0.818182,0.878788,restaurant
8189,0.818182,0.888889,hospital
8190,0.818182,0.898990,store
8191,0.818182,0.909091,hospital
8192,0.818182,0.919192,pharmacy
8193,0.818182,0.929293,pharmacy
8194,0.818182,0.939394,bank
8195,0.818182,0.949495,pharmacy
8196,0.818182,0.959596,school
8197,0.818182,0.969697,hospital
8198,0.818182,0.979798,park
8199,0.818182,0.989899,cafe
8200,0.818182,1.000000,bank
8201,0.828283,0.000000,school
8202,0.828283,0.010101,bank
8203,0.828283,0.020202,bank
8204,0.828283,0.030303,store
8205,0.828283,0.040404,school
8206,0.828283,0.050505,hospital
8207,0.828283,0.060606,school
8208,0.828283,0.070707,school
8209,0.828283,0.080808,store
8210,0.828283,0.090909,school
8211,0.828283,0.101010,hospital
8212,0.828283,0.111111,bank
8213,0.828283,0.121212,hospital
8214,0.828283,0.131313,cafe
8215,0.828283,0.141414,hospital
8216,0.828283,0.151515,restaurant
8217,0.828283,0.161616,hospital
8218,0.828283,0.171717,store
8219,0.828283,0.181818,hospital
8220,0.828283,0.191919,school
8221,0.828283,0.202020,park
8222,0.828283,0.212121,school
8223,0.828283,0.222222,bank
8224,0.828283,0.232323,hospital
8225,0.828283,0.242424,school
8226,0.828283,0.252525,hospital
8227,0.828283,0.262626,school
8228,0.828283,0.272727,park
8229,0.828283,0.282828,cafe
8230,0.828283,0.292929,school
8231,0.828283,0.303030,school
8232,0.828283,0.313131,cafe
8233,0.828283,0.323232,cafe
8234,0.828283,0.333333,hospital
8235,0.828283,0.343434,bank
8236,0.828283,0.353535,hospital
8237,0.828283,0.363636,store
8238,0.828283,0.373737,cafe
8239,0.828283,0.383838,bank
8240,0.828283,0.393939,school
8241,0.828283,0.404040,cafe
8242,0.828283,0.414141,restaurant
8243,0.828283,0.424242,restaurant
8244,0.828283,0.434343,park
8245,0.828283,0.444444,store
8246,0.828283,0.454545,hospital
8247,0.828283,0.464646,restaurant
8248,0.828283,0.474747,hospital
8249,0.828283,0.484848,store
8250,0.828283,0.494949,pharmacy
8251,0.828283,0.505051,bank
8252,0.828283,0.515152,pharmacy
8253,0.828283,0.525253,store
8254,0.828283,0.535354,restaurant
8255,0.828283,0.545455,restaurant
8256,0.828283,0.555556,cafe
8257,0.828283,0.565657,pharmacy
8258,0.828283,0.575758,park
8259,0.828283,0.585859,pharmacy
8260,0.828283,0.595960,bank
8261,0.828283,0.606061,park
8262,0.828283,0.616162,park
8263,0.828283,0.626263,pharmacy
8264,0.828283,0.636364,park
8265,0.828283,0.646465,school
8266,0.828283,0.656566,park
8267,0.828283,0.666667,park
8268,0.828283,0.676768,pharmacy
8269,0.828283,0.686869,school
8270,0.828283,0.696970,school
8271,0.828283,0.707071,restaurant
8272,0.828283,0.717172,park
8273,0.828283,0.727273,school
8274,0.828283,0.737374,cafe
8275,0.828283,0.747475,hospital
8276,0.828283,0.757576,restaurant
8277,0.828283,0.767677,school
8278,0.828283,0.777778,cafe
8279,0.828283,0.787879,park
8280,0.828283,0.797980,bank
8281,0.828283,0.808081,bank
8282,0.828283,0.818182,store
8283,0.828283,0.828283,pharmacy
8284,0.828283,0.838384,school
8285,0.828283,0.848485,bank
8286,0.828283,0.858586,restaurant
8287,0.828283,0.868687,cafe
8288,0.828283,0.878788,hospital
8289,0.828283,0.888889,park
8290,0.828283,0.898990,park
8291,0.828283,0.909091,school
8292,0.828283,0.919192,bank
8293,0.828283,0.929293,bank
8294,0.828283,0.939394,bank
8295,0.828283,0.949495,cafe
8296,0.828283,0.959596,pharmacy
8297,0.828283,0.969697,pharmacy
8298,0.828283,0.979798,cafe
8299,0.828283,0.989899,bank
8300,0.828283,1.000000,school
8301,0.838384,0.000000,hospital
8302,0.838384,0.010101,store
8303,0.838384,0.020202,restaurant
8304,0.838384,0.030303,pharmacy
8305,0.838384,0.040404,store
8306,0.838384,0.050505,restaurant
8307,0.838384,0.060606,store
8308,0.838384,0.070707,store
8309,0.838384,0.080808,pharmacy
8310,0.838384,0.090909,park
8311,0.838384,0.101010,restaurant
8312,0.838384,0.111111,store
8313,0.838384,0.121212,park
8314,0.838384,0.131313,bank
8315,0.838384,0.141414,restaurant
8316,0.838384,0.151515,cafe
8317,0.838384,0.161616,park
8318,0.838384,0.171717,pharmacy
8319,0.838384,0.181818,store
8320,0.838384,0.191919,restaurant
8321,0.838384,0.202020,cafe
8322,0.838384,0.212121,store
8323,0.838384,0.222222,school
8324,0.838384,0.232323,cafe
8325,0.838384,0.242424,park
8326,0.838384,0.252525,park
8327,0.838384,0.262626,school
8328,0.838384,0.272727,bank
8329,0.838384,0.282828,hospital
8330,0.838384,0.292929,school
8331,0.838384,0.303030,store
8332,0.838384,0.313131,restaurant
8333,0.838384,0.323232,bank
8334,0.838384,0.333333,hospital
8335,0.838384,0.343434,pharmacy
8336,0.838384,0.353535,restaurant
8337,0.838384,0.363636,restaurant
8338,0.838384,0.373737,school
8339,0.838384,0.383838,restaurant
8340,0.838384,0.393939,school
8341,0.838384,0.404040,bank
8342,0.838384,0.414141,school
8343,0.838384,0.424242,bank
8344,0.838384,0.434343,restaurant
8345,0.838384,0.444444,bank
8346,0.838384,0.454545,school
8347,0.838384,0.464646,school
8348,0.838384,0.474747,pharmacy
8349,0.838384,0.484848,park
8350,0.838384,0.494949,pharmacy
8351,0.838384,0.505051,restaurant
8352,0.838384,0.515152,hospital
8353,0.838384,0.525253,bank
8354,0.838384,0.535354,school
8355,0.838384,0.545455,store
8356,0.838384,0.555556,hospital
8357,0.838384,0.565657,store
8358,0.838384,0.575758,park
8359,0.838384,0.585859,school
8360,0.838384,0.595960,restaurant
8361,0.838384,0.606061,school
8362,0.838384,0.616162,restaurant
8363,0.838384,0.626263,cafe
8364,0.838384,0.636364,restaurant
8365,0.838384,0.646465,store
8366,0.838384,0.656566,bank
8367,0.838384,0.666667,park
8368,0.838384,0.676768,hospital
8369,0.838384,0.686869,bank
8370,0.838384,0.696970,restaurant
8371,0.838384,0.707071,cafe
8372,0.838384,0.717172,hospital
8373,0.838384,0.727273,hospital
8374,0.838384,0.737374,pharmacy
8375,0.838384,0.747475,pharmacy
8376,0.838384,0.757576,park
8377,0.838384,0.767677,school
8378,0.838384,0.777778,school
8379,0.838384,0.787879,school
8380,0.838384,0.797980,bank
8381,0.838384,0.808081,pharmacy
8382,0.838384,0.818182,cafe
8383,0.838384,0.828283,pharmacy
8384,0.838384,0.838384,pharmacy
8385,0.838384,0.848485,park
8386,0.838384,0.858586,cafe
8387,0.838384,0.868687,hospital
8388,0.838384,0.878788,pharmacy
8389,0.838384,0.888889,school
8390,0.838384,0.898990,park
8391,0.838384,0.909091,restaurant
8392,0.838384,0.919192,store
8393,0.838384,0.929293,store
8394,0.838384,0.939394,bank
8395,0.838384,0.949495,cafe
8396,0.838384,0.959596,bank
8397,0.838384,0.969697,pharmacy
8398,0.838384,0.979798,school
8399,0.838384,0.989899,cafe
8400,0.838384,1.000000,restaurant
8401,0.848485,0.000000,store
8402,0.848485,0.010101,pharmacy
8403,0.848485,0.020202,park
8404,0.848485,0.030303,store
8405,0.848485,0.040404,park
8406,0.848485,0.050505,park
8407,0.848485,0.060606,bank
8408,0.848485,0.070707,hospital
8409,0.848485,0.080808,store
8410,0.848485,0.090909,store
8411,0.848485,0.101010,school
8412,0.848485,0.111111,school
8413,0.848485,0.121212,pharmacy
8414,0.848485,0.131313,store
8415,0.848485,0.141414,restaurant
8416,0.848485,0.151515,pharmacy
8417,0.848485,0.161616,store
8418,0.848485,0.171717,pharmacy
8419,0.848485,0.181818,park
8420,0.848485,0.191919,school
8421,0.848485,0.202020,store
8422,0.848485,0.212121,pharmacy
8423,0.848485,0.222222,pharmacy
8424,0.848485,0.232323,park
8425,0.848485,0.242424,bank
8426,0.848485,0.252525,restaurant
8427,0.848485,0.262626,bank
8428,0.848485,0.272727,park
8429,0.848485,0.282828,bank
8430,0.848485,0.292929,restaurant
8431,0.848485,0.303030,school
8432,0.848485,0.313131,restaurant
8433,0.848485,0.323232,pharmacy
8434,0.848485,0.333333,bank
8435,0.848485,0.343434,park
8436,0.848485,0.353535,restaurant
8437,0.848485,0.363636,restaurant
8438,0.848485,0.373737,bank
8439,0.848485,0.383838,hospital
8440,0.848485,0.393939,pharmacy
8441,0.848485,0.404040,park
8442,0.848485,0.414141,school
8443,0.848485,0.424242,school
8444,0.848485,0.434343,park
8445,0.848485,0.444444,hospital
8446,0.848485,0.454545,hospital
8447,0.848485,0.464646,bank
8448,0.848485,0.474747,hospital
8449,0.848485,0.484848,bank
8450,0.848485,0.494949,pharmacy
8451,0.848485,0.505051,store
8452,0.848485,0.515152,pharmacy
8453,0.848485,0.525253,pharmacy
8454,0.848485,0.535354,store
8455,0.848485,0.545455,cafe
8456,0.848485,0.555556,bank
8457,0.848485,0.565657,restaurant
8458,0.848485,0.575758,cafe
8459,0.848485,0.585859,hospital
8460,0.848485,0.595960,hospital
8461,0.848485,0.606061,school
8462,0.848485,0.616162,cafe
8463,0.848485,0.626263,cafe
8464,0.848485,0.636364,pharmacy
8465,0.848485,0.646465,hospital
8466,0.848485,0.656566,store
8467,0.848485,0.666667,restaurant
8468,0.848485,0.676768,restaurant
8469,0.848485,0.686869,hospital
8470,0.848485,0.696970,store
8471,0.848485,0.707071,hospital
8472,0.848485,0.717172,hospital
8473,0.848485,0.727273,park
8474,0.848485,0.737374,pharmacy
8475,0.848485,0.747475,bank
8476,0.848485,0.757576,park
8477,0.848485,0.767677,hospital
8478,0.848485,0.777778,cafe
8479,0.848485,0.787879,cafe
8480,0.848485,0.797980,school
8481,0.848485,0.808081,school
8482,0.848485,0.818182,pharmacy
8483,0.848485,0.828283,cafe
8484,0.848485,0.838384,school
8485,0.848485,0.848485,cafe
8486,0.848485,0.858586,restaurant
8487,0.848485,0.868687,cafe
8488,0.848485,0.878788,hospital
8489,0.848485,0.888889,bank
8490,0.848485,0.898990,pharmacy
8491,0.848485,0.909091,park
8492,0.848485,0.919192,bank
8493,0.848485,0.929293,restaurant
8494,0.848485,0.939394,pharmacy
8495,0.848485,0.949495,cafe
8496,0.848485,0.959596,store
8497,0.848485,0.969697,hospital
8498,0.848485,0.979798,bank
8499,0.848485,0.989899,bank
8500,0.848485,1.000000,bank
8501,0.858586,0.000000,restaurant
8502,0.858586,0.010101,hospital
8503,0.858586,0.020202,school
8504,0.858586,0.030303,store
8505,0.858586,0.040404,restaurant
8506,0.858586,0.050505,hospital
8507,0.858586,0.060606,park
8508,0.858586,0.070707,hospital
8509,0.858586,0.080808,store
8510,0.858586,0.090909,restaurant
8511,0.858586,0.101010,restaurant
8512,0.858586,0.111111,store
8513,0.858586,0.121212,pharmacy
8514,0.858586,0.131313,restaurant
8515,0.858586,0.141414,school
8516,0.858586,0.151515,cafe
8517,0.858586,0.161616,bank
8518,0.858586,0.171717,cafe
8519,0.858586,0.181818,school
8520,0.858586,0.191919,cafe
8521,0.858586,0.202020,pharmacy
8522,0.858586,0.212121,restaurant
8523,0.858586,0.222222,cafe
8524,0.858586,0.232323,school
8525,0.858586,0.242424,pharmacy
8526,0.858586,0.252525,pharmacy
8527,0.858586,0.262626,hospital
8528,0.858586,0.272727,hospital
8529,0.858586,0.282828,restaurant
8530,0.858586,0.292929,school
8531,0.858586,0.303030,pharmacy
8532,0.858586,0.313131,cafe
8533,0.858586,0.323232,school
8534,0.858586,0.333333,store
8535,0.858586,0.343434,store
8536,0.858586,0.353535,hospital
8537,0.858586,0.363636,school
8538,0.858586,0.373737,cafe
8539,0.858586,0.383838,school
8540,0.858586,0.393939,restaurant
8541,0.858586,0.404040,park
8542,0.858586,0.414141,hospital
8543,0.858586,0.424242,store
8544,0.858586,0.434343,pharmacy
8545,0.858586,0.444444,park
8546,0.858586,0.454545,bank
8547,0.858586,0.464646,bank
8548,0.858586,0.474747,store
8549,0.858586,0.484848,hospital
8550,0.858586,0.494949,bank
8551,0.858586,0.505051,hospital
8552,0.858586,0.515152,restaurant
8553,0.858586,0.525253,store
8554,0.858586,0.535354,store
8555,0.858586,0.545455,hospital
8556,0.858586,0.555556,pharmacy
8557,0.858586,0.565657,restaurant
8558,0.858586,0.575758,store
8559,0.858586,0.585859,cafe
8560,0.858586,0.595960,pharmacy
8561,0.858586,0.606061,cafe
8562,0.858586,0.616162,bank
8563,0.858586,0.626263,pharmacy
8564,0.858586,0.636364,school
8565,0.858586,0.646465,park
8566,0.858586,0.656566,hospital
8567,0.858586,0.666667,school
8568,0.858586,0.676768,hospital
8569,0.858586,0.686869,store
8570,0.858586,0.696970,school
8571,0.858586,0.707071,bank
8572,0.858586,0.717172,school
8573,0.858586,0.727273,school
8574,0.858586,0.737374,hospital
8575,0.858586,0.747475,restaurant
8576,0.858586,0.757576,cafe
8577,0.858586,0.767677,park
8578,0.858586,0.777778,hospital
8579,0.858586,0.787879,cafe
8580,0.858586,0.797980,cafe
8581,0.858586,0.808081,school
8582,0.858586,0.818182,pharmacy
8583,0.858586,0.828283,cafe
8584,0.858586,0.838384,bank
8585,0.858586,0.848485,restaurant
8586,0.858586,0.858586,cafe
8587,0.858586,0.868687,store
8588,0.858586,0.878788,bank
8589,0.858586,0.888889,school
8590,0.858586,0.898990,park
8591,0.858586,0.909091,bank
8592,0.858586,0.919192,park
8593,0.858586,0.929293,hospital
8594,0.858586,0.939394,store
8595,0.858586,0.949495,school
8596,0.858586,0.959596,store
8597,0.858586,0.969697,park
8598,0.858586,0.979798,pharmacy
8599,0.858586,0.989899,store
8600,0.858586,1.000000,cafe
8601,0.868687,0.000000,bank
8602,0.868687,0.010101,restaurant
8603,0.868687,0.020202,park
8604,0.868687,0.030303,store
8605,0.868687,0.040404,cafe
8606,0.868687,0.050505,store
8607,0.868687,0.060606,hospital
8608,0.868687,0.070707,pharmacy
8609,0.868687,0.080808,store
8610,0.868687,0.090909,store
8611,0.868687,0.101010,school
8612,0.868687,0.111111,school
8613,0.868687,0.121212,hospital
8614,0.868687,0.131313,pharmacy
8615,0.868687,0.141414,bank
8616,0.868687,0.151515,cafe
8617,0.868687,0.161616,hospital
8618,0.868687,0.171717,park
8619,0.868687,0.181818,bank
8620,0.868687,0.191919,bank
8621,0.868687,0.202020,hospital
8622,0.868687,0.212121,pharmacy
8623,0.868687,0.222222,park
8624,0.868687,0.232323,pharmacy
8625,0.868687,0.242424,pharmacy
8626,0.868687,0.252525,bank
8627,0.868687,0.262626,cafe
8628,0.868687,0.272727,park
8629,0.868687,0.282828,park
8630,0.868687,0.292929,pharmacy
8631,0.868687,0.303030,cafe
8632,0.868687,0.313131,store
8633,0.868687,0.323232,pharmacy
8634,0.868687,0.333333,pharmacy
8635,0.868687,0.343434,pharmacy
8636,0.868687,0.353535,hospital
8637,0.868687,0.363636,bank
8638,0.868687,0.373737,cafe
8639,0.868687,0.383838,park
8640,0.868687,0.393939,restaurant
8641,0.868687,0.404040,hospital
8642,0.868687,0.414141,cafe
8643,0.868687,0.424242,pharmacy
8644,0.868687,0.434343,cafe
8645,0.868687,0.444444,store
8646,0.868687,0.454545,school
8647,0.868687,0.464646,school
8648,0.868687,0.474747,cafe
8649,0.868687,0.484848,store
8650,0.868687,0.494949,bank
8651,0.868687,0.505051,hospital
8652,0.868687,0.515152,park
8653,0.868687,0.525253,restaurant
8654,0.868687,0.535354,restaurant
8655,0.868687,0.545455,school
8656,0.868687,0.555556,school
8657,0.868687,0.565657,pharmacy
8658,0.868687,0.575758,park
8659,0.868687,0.585859,store
8660,0.868687,0.595960,pharmacy
8661,0.868687,0.606061,park
8662,0.868687,0.616162,hospital
8663,0.868687,0.626263,bank
8664,0.868687,0.636364,bank
8665,0.868687,0.646465,store
8666,0.868687,0.656566,store
8667,0.868687,0.666667,bank
8668,0.868687,0.676768,store
8669,0.868687,0.686869,restaurant
8670,0.868687,0.696970,cafe
8671,0.868687,0.707071,pharmacy
8672,0.868687,0.717172,park
8673,0.868687,0.727273,hospital
8674,0.868687,0.737374,hospital
8675,0.868687,0.747475,store
8676,0.868687,0.757576,cafe
8677,0.868687,0.767677,restaurant
8678,0.868687,0.777778,park
8679,0.868687,0.787879,bank
8680,0.868687,0.797980,restaurant
8681,0.868687,0.808081,park
8682,0.868687,0.818182,park
8683,0.868687,0.828283,school
8684,0.868687,0.838384,restaurant
8685,0.868687,0.848485,cafe
8686,0.868687,0.858586,cafe
8687,0.868687,0.868687,school
8688,0.868687,0.878788,hospital
8689,0.868687,0.888889,bank
8690,0.868687,0.898990,hospital
8691,0.868687,0.909091,school
8692,0.868687,0.919192,park
8693,0.868687,0.929293,hospital
8694,0.868687,0.939394,restaurant
8695,0.868687,0.949495,school
8696,0.868687,0.959596,cafe
8697,0.868687,0.969697,store
8698,0.868687,0.979798,park
8699,0.868687,0.989899,hospital
8700,0.868687,1.000000,cafe
8701,0.878788,0.000000,restaurant
8702,0.878788,0.010101,park
8703,0.878788,0.020202,park
8704,0.878788,0.030303,hospital
8705,0.878788,0.040404,restaurant
8706,0.878788,0.050505,park
8707,0.878788,0.060606,bank
8708,0.878788,0.070707,cafe
8709,0.878788,0.080808,bank
8710,0.878788,0.090909,store
8711,0.878788,0.101010,bank
8712,0.878788,0.111111,hospital
8713,0.878788,0.121212,store
8714,0.878788,0.131313,school
8715,0.878788,0.141414,bank
8716,0.878788,0.151515,hospital
8717,0.878788,0.161616,hospital
8718,0.878788,0.171717,restaurant
8719,0.878788,0.181818,restaurant
8720,0.878788,0.191919,park
8721,0.878788,0.202020,park
8722,0.878788,0.212121,park
8723,0.878788,0.222222,cafe
8724,0.878788,0.232323,pharmacy
8725,0.878788,0.242424,pharmacy
8726,0.878788,0.252525,store
8727,0.878788,0.262626,cafe
8728,0.878788,0.272727,bank
8729,0.878788,0.282828,park
8730,0.878788,0.292929,park
8731,0.878788,0.303030,store
8732,0.878788,0.313131,park
8733,0.878788,0.323232,cafe
8734,0.878788,0.333333,restaurant
8735,0.878788,0.343434,park
8736,0.878788,0.353535,park
8737,0.878788,0.363636,cafe
8738,0.878788,0.373737,restaurant
8739,0.878788,0.383838,restaurant
8740,0.878788,0.393939,school
8741,0.878788,0.404040,park
8742,0.878788,0.414141,restaurant
8743,0.878788,0.424242,pharmacy
8744,0.878788,0.434343,hospital
8745,0.878788,0.444444,restaurant
8746,0.878788,0.454545,store
8747,0.878788,0.464646,cafe
8748,0.878788,0.474747,bank
8749,0.878788,0.484848,store
8750,0.878788,0.494949,restaurant
8751,0.878788,0.505051,pharmacy
8752,0.878788,0.515152,pharmacy
8753,0.878788,0.525253,cafe
8754,0.878788,0.535354,bank
8755,0.878788,0.545455,school
8756,0.878788,0.555556,park
8757,0.878788,0.565657,hospital
8758,0.878788,0.575758,restaurant
8759,0.878788,0.585859,school
8760,0.878788,0.595960,pharmacy
8761,0.878788,0.606061,park
8762,0.878788,0.616162,store
8763,0.878788,0.626263,school
8764,0.878788,0.636364,store
8765,0.878788,0.646465,hospital
8766,0.878788,0.656566,pharmacy
8767,0.878788,0.666667,cafe
8768,0.878788,0.676768,cafe
8769,0.878788,0.686869,hospital
8770,0.878788,0.696970,cafe
8771,0.878788,0.707071,bank
8772,0.878788,0.717172,park
8773,0.878788,0.727273,restaurant
8774,0.878788,0.737374,restaurant
8775,0.878788,0.747475,cafe
8776,0.878788,0.757576,restaurant
8777,0.878788,0.767677,park
8778,0.878788,0.777778,bank
8779,0.878788,0.787879,store
8780,0.878788,0.797980,pharmacy
8781,0.878788,0.808081,park
8782,0.878788,0.818182,store
8783,0.878788,0.828283,cafe
8784,0.878788,0.838384,school
8785,0.878788,0.848485,hospital
8786,0.878788,0.858586,pharmacy
8787,0.878788,0.868687,store
8788,0.878788,0.878788,hospital
8789,0.878788,0.888889,pharmacy
8790,0.878788,0.898990,pharmacy
8791,0.878788,0.909091,park
8792,0.878788,0.919192,cafe
8793,0.878788,0.929293,hospital
8794,0.878788,0.939394,cafe
8795,0.878788,0.949495,store
8796,0.878788,0.959596,hospital
8797,0.878788,0.969697,school
8798,0.878788,0.979798,pharmacy
8799,0.878788,0.989899,pharmacy
8800,0.878788,1.000000,park
8801,0.888889,0.000000,hospital
8802,0.888889,0.010101,hospital
8803,0.888889,0.020202,school
8804,0.888889,0.030303,restaurant
8805,0.888889,0.040404,restaurant
8806,0.888889,0.050505,school
8807,0.888889,0.060606,park
8808,0.888889,0.070707,store
8809,0.888889,0.080808,bank
8810,0.888889,0.090909,pharmacy
8811,0.888889,0.101010,school
8812,0.888889,0.111111,restaurant
8813,0.888889,0.121212,park
8814,0.888889,0.131313,school
8815,0.888889,0.141414,park
8816,0.888889,0.151515,store
8817,0.888889,0.161616,hospital
8818,0.888889,0.171717,restaurant
8819,0.888889,0.181818,cafe
8820,0.888889,0.191919,store
8821,0.888889,0.202020,school
8822,0.888889,0.212121,park
8823,0.888889,0.222222,cafe
8824,0.888889,0.232323,pharmacy
8825,0.888889,0.242424,school
8826,0.888889,0.252525,school
8827,0.888889,0.262626,hospital
8828,0.888889,0.272727,cafe
8829,0.888889,0.282828,bank
8830,0.888889,0.292929,store
8831,0.888889,0.303030,hospital
8832,0.888889,0.313131,park
8833,0.888889,0.323232,school
8834,0.888889,0.333333,hospital
8835,0.888889,0.343434,school
8836,0.888889,0.353535,park
8837,0.888889,0.363636,restaurant
8838,0.888889,0.373737,school
8839,0.888889,0.383838,hospital
8840,0.888889,0.393939,hospital
8841,0.888889,0.404040,pharmacy
8842,0.888889,0.414141,pharmacy
8843,0.888889,0.424242,school
8844,0.888889,0.434343,restaurant
8845,0.888889,0.444444,store
8846,0.888889,0.454545,store
8847,0.888889,0.464646,school
8848,0.888889,0.474747,restaurant
8849,0.888889,0.484848,store
8850,0.888889,0.494949,park
8851,0.888889,0.505051,bank
8852,0.888889,0.515152,pharmacy
8853,0.888889,0.525253,cafe
8854,0.888889,0.535354,pharmacy
8855,0.888889,0.545455,store
8856,0.888889,0.555556,park
8857,0.888889,0.565657,park
8858,0.888889,0.575758,school
8859,0.888889,0.585859,pharmacy
8860,0.888889,0.595960,store
8861,0.888889,0.606061,restaurant
8862,0.888889,0.616162,school
8863,0.888889,0.626263,bank
8864,0.888889,0.636364,pharmacy
8865,0.888889,0.646465,school
8866,0.888889,0.656566,park
8867,0.888889,0.666667,hospital
8868,0.888889,0.676768,hospital
8869,0.888889,0.686869,bank
8870,0.888889,0.696970,restaurant
8871,0.888889,0.707071,restaurant
8872,0.888889,0.717172,hospital
8873,0.888889,0.727273,store
8874,0.888889,0.737374,restaurant
8875,0.888889,0.747475,pharmacy
8876,0.888889,0.757576,school
8877,0.888889,0.767677,cafe
8878,0.888889,0.777778,restaurant
8879,0.888889,0.787879,cafe
8880,0.888889,0.797980,school
8881,0.888889,0.808081,park
8882,0.888889,0.818182,pharmacy
8883,0.888889,0.828283,bank
8884,0.888889,0.838384,school
8885,0.888889,0.848485,bank
8886,0.888889,0.858586,school
8887,0.888889,0.868687,school
8888,0.888889,0.878788,cafe
8889,0.888889,0.888889,school
8890,0.888889,0.898990,hospital
8891,0.888889,0.909091,school
8892,0.888889,0.919192,bank
8893,0.888889,0.929293,bank
8894,0.888889,0.939394,school
8895,0.888889,0.949495,store
8896,0.888889,0.959596,store
8897,0.888889,0.969697,bank
8898,0.888889,0.979798,store
8899,0.888889,0.989899,cafe
8900,0.888889,1.000000,store
8901,0.898990,0.000000,bank
8902,0.898990,0.010101,store
8903,0.898990,0.020202,store
8904,0.898990,0.030303,hospital
8905,0.898990,0.040404,cafe
8906,0.898990,0.050505,pharmacy
8907,0.898990,0.060606,school
8908,0.898990,0.070707,restaurant
8909,0.898990,0.080808,restaurant
8910,0.898990,0.090909,school
8911,0.898990,0.101010,pharmacy
8912,0.898990,0.111111,restaurant
8913,0.898990,0.121212,store
8914,0.898990,0.131313,restaurant
8915,0.898990,0.141414,restaurant
8916,0.898990,0.151515,pharmacy
8917,0.898990,0.161616,bank
8918,0.898990,0.171717,hospital
8919,0.898990,0.181818,store
8920,0.898990,0.191919,restaurant
8921,0.898990,0.202020,restaurant
8922,0.898990,0.212121,pharmacy
8923,0.898990,0.222222,school
8924,0.898990,0.232323,hospital
8925,0.898990,0.242424,hospital
8926,0.898990,0.252525,park
8927,0.898990,0.262626,store
8928,0.898990,0.272727,pharmacy
8929,0.898990,0.282828,store
8930,0.898990,0.292929,school
8931,0.898990,0.303030,bank
8932,0.898990,0.313131,restaurant
8933,0.898990,0.323232,pharmacy
8934,0.898990,0.333333,restaurant
8935,0.898990,0.343434,park
8936,0.898990,0.353535,park
8937,0.898990,0.363636,pharmacy
8938,0.898990,0.373737,school
8939,0.898990,0.383838,store
8940,0.898990,0.393939,bank
8941,0.898990,0.404040,hospital
8942,0.898990,0.414141,restaurant
8943,0.898990,0.424242,bank
8944,0.898990,0.434343,store
8945,0.898990,0.444444,park
8946,0.898990,0.454545,pharmacy
8947,0.898990,0.464646,restaurant
8948,0.898990,0.474747,park
8949,0.898990,0.484848,pharmacy
8950,0.898990,0.494949,restaurant
8951,0.898990,0.505051,park
8952,0.898990,0.515152,park
8953,0.898990,0.525253,cafe
8954,0.898990,0.535354,hospital
8955,0.898990,0.545455,restaurant
8956,0.898990,0.555556,store
8957,0.898990,0.565657,school
8958,0.898990,0.575758,restaurant
8959,0.898990,0.585859,store
8960,0.898990,0.595960,hospital
8961,0.898990,0.606061,hospital
8962,0.898990,0.616162,store
8963,0.898990,0.626263,store
8964,0.898990,0.636364,restaurant
8965,0.898990,0.646465,restaurant
8966,0.898990,0.656566,hospital
8967,0.898990,0.666667,restaurant
8968,0.898990,0.676768,cafe
8969,0.898990,0.686869,cafe
8970,0.898990,0.696970,hospital
8971,0.898990,0.707071,pharmacy
8972,0.898990,0.717172,bank
8973,0.898990,0.727273,park
8974,0.898990,0.737374,hospital
8975,0.898990,0.747475,restaurant
8976,0.898990,0.757576,bank
8977,0.898990,0.767677,restaurant
8978,0.898990,0.777778,restaurant
8979,0.898990,0.787879,school
8980,0.898990,0.797980,school
8981,0.898990,0.808081,school
8982,0.898990,0.818182,cafe
8983,0.898990,0.828283,school
8984,0.898990,0.838384,hospital
8985,0.898990,0.848485,restaurant
8986,0.898990,0.858586,pharmacy
8987,0.898990,0.868687,bank
8988,0.898990,0.878788,pharmacy
8989,0.898990,0.888889,pharmacy
8990,0.898990,0.898990,park
8991,0.898990,0.909091,store
8992,0.898990,0.919192,bank
8993,0.898990,0.929293,school
8994,0.898990,0.939394,cafe
8995,0.898990,0.949495,bank
8996,0.898990,0.959596,restaurant
8997,0.898990,0.969697,hospital
8998,0.898990,0.979798,pharmacy
8999,0.898990,0.989899,restaurant
9000,0.898990,1.000000,bank
9001,0.909091,0.000000,cafe
9002,0.909091,0.010101,hospital
9003,0.909091,0.020202,restaurant
9004,0.909091,0.030303,bank
9005,0.909091,0.040404,store
9006,0.909091,0.050505,cafe
9007,0.909091,0.060606,school
9008,0.909091,0.070707,school
9009,0.909091,0.080808,park
9010,0.909091,0.090909,cafe
9011,0.909091,0.101010,hospital
9012,0.909091,0.111111,school
9013,0.909091,0.121212,bank
9014,0.909091,0.131313,hospital
9015,0.909091,0.141414,school
9016,0.909091,0.151515,park
9017,0.909091,0.161616,cafe
9018,0.909091,0.171717,hospital
9019,0.909091,0.181818,school
9020,0.909091,0.191919,park
9021,0.909091,0.202020,cafe
9022,0.909091,0.212121,school
9023,0.909091,0.222222,restaurant
9024,0.909091,0.232323,school
9025,0.909091,0.242424,pharmacy
9026,0.909091,0.252525,hospital
9027,0.909091,0.262626,restaurant
9028,0.909091,0.272727,cafe
9029,0.909091,0.282828,bank
9030,0.909091,0.292929,school
9031,0.909091,0.303030,school
9032,0.909091,0.313131,pharmacy
9033,0.909091,0.323232,hospital
9034,0.909091,0.333333,school
9035,0.909091,0.343434,bank
9036,0.909091,0.353535,school
9037,0.909091,0.363636,park
9038,0.909091,0.373737,park
9039,0.909091,0.383838,bank
9040,0.909091,0.393939,park
9041,0.909091,0.404040,pharmacy
9042,0.909091,0.414141,restaurant
9043,0.909091,0.424242,school
9044,0.909091,0.434343,park
9045,0.909091,0.444444,school
9046,0.909091,0.454545,park
9047,0.909091,0.464646,cafe
9048,0.909091,0.474747,bank
9049,0.909091,0.484848,park
9050,0.909091,0.494949,park
9051,0.909091,0.505051,bank
9052,0.909091,0.515152,cafe
9053,0.909091,0.525253,pharmacy
9054,0.909091,0.535354,park
9055,0.909091,0.545455,cafe
9056,0.909091,0.555556,restaurant
9057,0.909091,0.565657,pharmacy
9058,0.909091,0.575758,store
9059,0.909091,0.585859,restaurant
9060,0.909091,0.595960,restaurant
9061,0.909091,0.606061,pharmacy
9062,0.909091,0.616162,cafe
9063,0.909091,0.626263,pharmacy
9064,0.909091,0.636364,pharmacy
9065,0.909091,0.646465,park
9066,0.909091,0.656566,cafe
9067,0.909091,0.666667,restaurant
9068,0.909091,0.676768,bank
9069,0.909091,0.686869,cafe
9070,0.909091,0.696970,pharmacy
9071,0.909091,0.707071,bank
9072,0.909091,0.717172,hospital
9073,0.909091,0.727273,cafe
9074,0.909091,0.737374,hospital
9075,0.909091,0.747475,bank
9076,0.909091,0.757576,store
9077,0.909091,0.767677,pharmacy
9078,0.909091,0.777778,store
9079,0.909091,0.787879,park
9080,0.909091,0.797980,restaurant
9081,0.909091,0.808081,restaurant
9082,0.909091,0.818182,pharmacy
9083,0.909091,0.828283,pharmacy
9084,0.909091,0.838384,hospital
9085,0.909091,0.848485,cafe
9086,0.909091,0.858586,cafe
9087,0.909091,0.868687,pharmacy
9088,0.909091,0.878788,school
9089,0.909091,0.888889,store
9090,0.909091,0.898990,cafe
9091,0.909091,0.909091,bank
9092,0.909091,0.919192,cafe
9093,0.909091,0.929293,store
9094,0.909091,0.939394,park
9095,0.909091,0.949495,school
9096,0.909091,0.959596,bank
9097,0.909091,0.969697,school
9098,0.909091,0.979798,bank
9099,0.909091,0.989899,bank
9100,0.909091,1.000000,school
9101,0.919192,0.000000,store
9102,0.919192,0.010101,restaurant
9103,0.919192,0.020202,cafe
9104,0.919192,0.030303,school
9105,0.919192,0.040404,pharmacy
9106,0.919192,0.050505,pharmacy
9107,0.919192,0.060606,pharmacy
9108,0.919192,0.070707,cafe
9109,0.919192,0.080808,park
9110,0.919192,0.090909,hospital
9111,0.919192,0.101010,bank
9112,0.919192,0.111111,restaurant
9113,0.919192,0.121212,bank
9114,0.919192,0.131313,store
9115,0.919192,0.141414,restaurant
9116,0.919192,0.151515,store
9117,0.919192,0.161616,cafe
9118,0.919192,0.171717,bank
9119,0.919192,0.181818,bank
9120,0.919192,0.191919,restaurant
9121,0.919192,0.202020,park
9122,0.919192,0.212121,restaurant
9123,0.919192,0.222222,cafe
9124,0.919192,0.232323,restaurant
9125,0.919192,0.242424,cafe
9126,0.919192,0.252525,restaurant
9127,0.919192,0.262626,cafe
9128,0.919192,0.272727,school
9129,0.919192,0.282828,bank
9130,0.919192,0.292929,pharmacy
9131,0.919192,0.303030,park
9132,0.919192,0.313131,hospital
9133,0.919192,0.323232,pharmacy
9134,0.919192,0.333333,park
9135,0.919192,0.343434,cafe
9136,0.919192,0.353535,pharmacy
9137,0.919192,0.363636,pharmacy
9138,0.919192,0.373737,school
9139,0.919192,0.383838,restaurant
9140,0.919192,0.393939,bank
9141,0.919192,0.404040,park
9142,0.919192,0.414141,restaurant
9143,0.919192,0.424242,hospital
9144,0.919192,0.434343,store
9145,0.919192,0.444444,school
9146,0.919192,0.454545,cafe
9147,0.919192,0.464646,pharmacy
9148,0.919192,0.474747,bank
9149,0.919192,0.484848,store
9150,0.919192,0.494949,cafe
9151,0.919192,0.505051,hospital
9152,0.919192,0.515152,store
9153,0.919192,0.525253,store
9154,0.919192,0.535354,cafe
9155,0.919192,0.545455,cafe
9156,0.919192,0.555556,bank
9157,0.919192,0.565657,park
9158,0.919192,0.575758,cafe
9159,0.919192,0.585859,restaurant
9160,0.919192,0.595960,bank
9161,0.919192,0.606061,park
9162,0.919192,0.616162,park
9163,0.919192,0.626263,cafe
9164,0.919192,0.636364,store
9165,0.919192,0.646465,school
9166,0.919192,0.656566,hospital
9167,0.919192,0.666667,pharmacy
9168,0.919192,0.676768,store
9169,0.919192,0.686869,hospital
9170,0.919192,0.696970,hospital
9171,0.919192,0.707071,pharmacy
9172,0.919192,0.717172,cafe
9173,0.919192,0.727273,bank
9174,0.919192,0.737374,hospital
9175,0.919192,0.747475,hospital
9176,0.919192,0.757576,bank
9177,0.919192,0.767677,park
9178,0.919192,0.777778,school
9179,0.919192,0.787879,pharmacy
9180,0.919192,0.797980,pharmacy
9181,0.919192,0.808081,pharmacy
9182,0.919192,0.818182,cafe
9183,0.919192,0.828283,hospital
9184,0.919192,0.838384,cafe
9185,0.919192,0.848485,cafe
9186,0.919192,0.858586,pharmacy
9187,0.919192,0.868687,cafe
9188,0.919192,0.878788,school
9189,0.919192,0.888889,cafe
9190,0.919192,0.898990,school
9191,0.919192,0.909091,school
9192,0.919192,0.919192,cafe
9193,0.919192,0.929293,hospital
9194,0.919192,0.939394,school
9195,0.919192,0.949495,bank
9196,0.919192,0.959596,restaurant
9197,0.919192,0.969697,restaurant
9198,0.919192,0.979798,restaurant
9199,0.919192,0.989899,hospital
9200,0.919192,1.000000,store
9201,0.929293,0.000000,school
9202,0.929293,0.010101,store
9203,0.929293,0.020202,cafe
9204,0.929293,0.030303,bank
9205,0.929293,0.040404,pharmacy
9206,0.929293,0.050505,restaurant
9207,0.929293,0.060606,restaurant
9208,0.929293,0.070707,park
9209,0.929293,0.080808,pharmacy
9210,0.929293,0.090909,bank
9211,0.929293,0.101010,park
9212,0.929293,0.111111,bank
9213,0.929293,0.121212,hospital
9214,0.929293,0.131313,park
9215,0.929293,0.141414,park
9216,0.929293,0.151515,pharmacy
9217,0.929293,0.161616,pharmacy
9218,0.929293,0.171717,restaurant
9219,0.929293,0.181818,park
9220,0.929293,0.191919,restaurant
9221,0.929293,0.202020,store
9222,0.929293,0.212121,pharmacy
9223,0.929293,0.222222,school
9224,0.929293,0.232323,cafe
9225,0.929293,0.242424,school
9226,0.929293,0.252525,restaurant
9227,0.929293,0.262626,store
9228,0.929293,0.272727,hospital
9229,0.929293,0.282828,park
9230,0.929293,0.292929,pharmacy
9231,0.929293,0.303030,school
9232,0.929293,0.313131,pharmacy
9233,0.929293,0.323232,hospital
9234,0.929293,0.333333,cafe
9235,0.929293,0.343434,restaurant
9236,0.929293,0.353535,bank
9237,0.929293,0.363636,cafe
9238,0.929293,0.373737,park
9239,0.929293,0.383838,pharmacy
9240,0.929293,0.393939,store
9241,0.929293,0.404040,restaurant
9242,0.929293,0.414141,store
9243,0.929293,0.424242,pharmacy
9244,0.929293,0.434343,park
9245,0.929293,0.444444,bank
9246,0.929293,0.454545,hospital
9247,0.929293,0.464646,store
9248,0.929293,0.474747,restaurant
9249,0.929293,0.484848,store
9250,0.929293,0.494949,bank
9251,0.929293,0.505051,store
9252,0.929293,0.515152,park
9253,0.929293,0.525253,restaurant
9254,0.929293,0.535354,school
9255,0.929293,0.545455,restaurant
9256,0.929293,0.555556,park
9257,0.929293,0.565657,bank
9258,0.929293,0.575758,pharmacy
9259,0.929293,0.585859,cafe
9260,0.929293,0.595960,restaurant
9261,0.929293,0.606061,bank
9262,0.929293,0.616162,bank
9263,0.929293,0.626263,hospital
9264,0.929293,0.636364,bank
9265,0.929293,0.646465,bank
9266,0.929293,0.656566,cafe
9267,0.929293,0.666667,hospital
9268,0.929293,0.676768,park
9269,0.929293,0.686869,cafe
9270,0.929293,0.696970,pharmacy
9271,0.929293,0.707071,hospital
9272,0.929293,0.717172,pharmacy
9273,0.929293,0.727273,store
9274,0.929293,0.737374,restaurant
9275,0.929293,0.747475,hospital
9276,0.929293,0.757576,store
9277,0.929293,0.767677,cafe
9278,0.929293,0.777778,restaurant
9279,0.929293,0.787879,park
9280,0.929293,0.797980,bank
9281,0.929293,0.808081,bank
9282,0.929293,0.818182,restaurant
9283,0.929293,0.828283,restaurant
9284,0.929293,0.838384,pharmacy
9285,0.929293,0.848485,restaurant
9286,0.929293,0.858586,pharmacy
9287,0.929293,0.868687,park
9288,0.929293,0.878788,store
9289,0.929293,0.888889,restaurant
9290,0.929293,0.898990,store
9291,0.929293,0.909091,pharmacy
9292,0.929293,0.919192,bank
9293,0.929293,0.929293,restaurant
9294,0.929293,0.939394,park
9295,0.929293,0.949495,bank
9296,0.929293,0.959596,bank
9297,0.929293,0.969697,restaurant
9298,0.929293,0.979798,cafe
9299,0.929293,0.989899,pharmacy
9300,0.929293,1.000000,pharmacy
9301,0.939394,0.000000,park
9302,0.939394,0.010101,restaurant
9303,0.939394,0.020202,restaurant
9304,0.939394,0.030303,pharmacy
9305,0.939394,0.040404,hospital
9306,0.939394,0.050505,pharmacy
9307,0.939394,0.060606,restaurant
9308,0.939394,0.070707,restaurant
9309,0.939394,0.080808,hospital
9310,0.939394,0.090909,pharmacy
9311,0.939394,0.101010,pharmacy
9312,0.939394,0.111111,bank
9313,0.939394,0.121212,school
9314,0.939394,0.131313,store
9315,0.939394,0.141414,restaurant
9316,0.939394,0.151515,hospital
9317,0.939394,0.161616,store
9318,0.939394,0.171717,cafe
9319,0.939394,0.181818,restaurant
9320,0.939394,0.191919,store
9321,0.939394,0.202020,restaurant
9322,0.939394,0.212121,hospital
9323,0.939394,0.222222,bank
9324,0.939394,0.232323,store
9325,0.939394,0.242424,bank
9326,0.939394,0.252525,bank
9327,0.939394,0.262626,park
9328,0.939394,0.272727,cafe
9329,0.939394,0.282828,store
9330,0.939394,0.292929,bank
9331,0.939394,0.303030,bank
9332,0.939394,0.313131,park
9333,0.939394,0.323232,hospital
9334,0.939394,0.333333,school
9335,0.939394,0.343434,hospital
9336,0.939394,0.353535,hospital
9337,0.939394,0.363636,bank
9338,0.939394,0.373737,store
9339,0.939394,0.383838,store
9340,0.939394,0.393939,hospital
9341,0.939394,0.404040,restaurant
9342,0.939394,0.414141,cafe
9343,0.939394,0.424242,park
9344,0.939394,0.434343,school
9345,0.939394,0.444444,pharmacy
9346,0.939394,0.454545,store
9347,0.939394,0.464646,hospital
9348,0.939394,0.474747,store
9349,0.939394,0.484848,school
9350,0.939394,0.494949,bank
9351,0.939394,0.505051,park
9352,0.939394,0.515152,store
9353,0.939394,0.525253,restaurant
9354,0.939394,0.535354,school
9355,0.939394,0.545455,pharmacy
9356,0.939394,0.555556,bank
9357,0.939394,0.565657,school
9358,0.939394,0.575758,cafe
9359,0.939394,0.585859,bank
9360,0.939394,0.595960,pharmacy
9361,0.939394,0.606061,park
9362,0.939394,0.616162,hospital
9363,0.939394,0.626263,pharmacy
9364,0.939394,0.636364,pharmacy
9365,0.939394,0.646465,park
9366,0.939394,0.656566,store
9367,0.939394,0.666667,school
9368,0.939394,0.676768,bank
9369,0.939394,0.686869,park
9370,0.939394,0.696970,cafe
9371,0.939394,0.707071,pharmacy
9372,0.939394,0.717172,restaurant
9373,0.939394,0.727273,restaurant
9374,0.939394,0.737374,cafe
9375,0.939394,0.747475,bank
9376,0.939394,0.757576,cafe
9377,0.939394,0.767677,store
9378,0.939394,0.777778,cafe
9379,0.939394,0.787879,hospital
9380,0.939394,0.797980,cafe
9381,0.939394,0.808081,bank
9382,0.939394,0.818182,park
9383,0.939394,0.828283,restaurant
9384,0.939394,0.838384,cafe
9385,0.939394,0.848485,hospital
9386,0.939394,0.858586,hospital
9387,0.939394,0.868687,park
9388,0.939394,0.878788,school
9389,0.939394,0.888889,restaurant
9390,0.939394,0.898990,park
9391,0.939394,0.909091,pharmacy
9392,0.939394,0.919192,cafe
9393,0.939394,0.929293,park
9394,0.939394,0.939394,park
9395,0.939394,0.949495,park
9396,0.939394,0.959596,bank
9397,0.939394,0.969697,hospital
9398,0.939394,0.979798,pharmacy
9399,0.939394,0.989899,pharmacy
9400,0.939394,1.000000,pharmacy
9401,0.949495,0.000000,school
9402,0.949495,0.010101,hospital
9403,0.949495,0.020202,cafe
9404,0.949495,0.030303,hospital
9405,0.949495,0.040404,bank
9406,0.949495,0.050505,park
9407,0.949495,0.060606,park
9408,0.949495,0.070707,pharmacy
9409,0.949495,0.080808,pharmacy
9410,0.949495,0.090909,pharmacy
9411,0.949495,0.101010,restaurant
9412,0.949495,0.111111,cafe
9413,0.949495,0.121212,hospital
9414,0.949495,0.131313,hospital
9415,0.949495,0.141414,bank
9416,0.949495,0.151515,park
9417,0.949495,0.161616,hospital
9418,0.949495,0.171717,school
9419,0.949495,0.181818,bank
9420,0.949495,0.191919,store
9421,0.949495,0.202020,restaurant
9422,0.949495,0.212121,bank
9423,0.949495,0.222222,cafe
9424,0.949495,0.232323,store
9425,0.949495,0.242424,school
9426,0.949495,0.252525,cafe
9427,0.949495,0.262626,park
9428,0.949495,0.272727,hospital
9429,0.949495,0.282828,pharmacy
9430,0.949495,0.292929,park
9431,0.949495,0.303030,school
9432,0.949495,0.313131,hospital
9433,0.949495,0.323232,park
9434,0.949495,0.333333,park
9435,0.949495,0.343434,school
9436,0.949495,0.353535,restaurant
9437,0.949495,0.363636,park
9438,0.949495,0.373737,hospital
9439,0.949495,0.383838,bank
9440,0.949495,0.393939,bank
9441,0.949495,0.404040,pharmacy
9442,0.949495,0.414141,bank
9443,0.949495,0.424242,cafe
9444,0.949495,0.434343,school
9445,0.949495,0.444444,bank
9446,0.949495,0.454545,cafe
9447,0.949495,0.464646,cafe
9448,0.949495,0.474747,cafe
9449,0.949495,0.484848,pharmacy
9450,0.949495,0.494949,restaurant
9451,0.949495,0.505051,hospital
9452,0.949495,0.515152,park
9453,0.949495,0.525253,pharmacy
9454,0.949495,0.535354,school
9455,0.949495,0.545455,school
9456,0.949495,0.555556,restaurant
9457,0.949495,0.565657,park
9458,0.949495,0.575758,restaurant
9459,0.949495,0.585859,store
9460,0.949495,0.595960,store
9461,0.949495,0.606061,bank
9462,0.949495,0.616162,hospital
9463,0.949495,0.626263,cafe
9464,0.949495,0.636364,park
9465,0.949495,0.646465,store
9466,0.949495,0.656566,pharmacy
9467,0.949495,0.666667,cafe
9468,0.949495,0.676768,bank
9469,0.949495,0.686869,park
9470,0.949495,0.696970,restaurant
9471,0.949495,0.707071,pharmacy
9472,0.949495,0.717172,pharmacy
9473,0.949495,0.727273,store
9474,0.949495,0.737374,restaurant
9475,0.949495,0.747475,restaurant
9476,0.949495,0.757576,school
9477,0.949495,0.767677,restaurant
9478,0.949495,0.777778,restaurant
9479,0.949495,0.787879,restaurant
9480,0.949495,0.797980,cafe
9481,0.949495,0.808081,pharmacy
9482,0.949495,0.818182,store
9483,0.949495,0.828283,park
9484,0.949495,0.838384,store
9485,0.949495,0.848485,restaurant
9486,0.949495,0.858586,park
9487,0.949495,0.868687,hospital
9488,0.949495,0.878788,school
9489,0.949495,0.888889,pharmacy
9490,0.949495,0.898990,pharmacy
9491,0.949495,0.909091,cafe
9492,0.949495,0.919192,bank
9493,0.949495,0.929293,cafe
9494,0.949495,0.939394,pharmacy
9495,0.949495,0.949495,store
9496,0.949495,0.959596,store
9497,0.949495,0.969697,bank
9498,0.949495,0.979798,store
9499,0.949495,0.989899,pharmacy
9500,0.949495,1.000000,school
9501,0.959596,0.000000,store
9502,0.959596,0.010101,school
9503,0.959596,0.020202,pharmacy
9504,0.959596,0.030303,cafe
9505,0.959596,0.040404,hospital
9506,0.959596,0.050505,store
9507,0.959596,0.060606,school
9508,0.959596,0.070707,cafe
9509,0.959596,0.080808,cafe
9510,0.959596,0.090909,cafe
9511,0.959596,0.101010,hospital
9512,0.959596,0.111111,cafe
9513,0.959596,0.121212,bank
9514,0.959596,0.131313,bank
9515,0.959596,0.141414,cafe
9516,0.959596,0.151515,store
9517,0.959596,0.161616,restaurant
9518,0.959596,0.171717,school
9519,0.959596,0.181818,hospital
9520,0.959596,0.191919,school
9521,0.959596,0.202020,store
9522,0.959596,0.212121,park
9523,0.959596,0.222222,bank
9524,0.959596,0.232323,pharmacy
9525,0.959596,0.242424,hospital
9526,0.959596,0.252525,cafe
9527,0.959596,0.262626,restaurant
9528,0.959596,0.272727,hospital
9529,0.959596,0.282828,pharmacy
9530,0.959596,0.292929,cafe
9531,0.959596,0.303030,school
9532,0.959596,0.313131,store
9533,0.959596,0.323232,pharmacy
9534,0.959596,0.333333,school
9535,0.959596,0.343434,park
9536,0.959596,0.353535,park
9537,0.959596,0.363636,restaurant
9538,0.959596,0.373737,cafe
9539,0.959596,0.383838,school
9540,0.959596,0.393939,cafe
9541,0.959596,0.404040,cafe
9542,0.959596,0.414141,hospital
9543,0.959596,0.424242,restaurant
9544,0.959596,0.434343,hospital
9545,0.959596,0.444444,pharmacy
9546,0.959596,0.454545,store
9547,0.959596,0.464646,hospital
9548,0.959596,0.474747,store
9549,0.959596,0.484848,restaurant
9550,0.959596,0.494949,park
9551,0.959596,0.505051,restaurant
9552,0.959596,0.515152,store
9553,0.959596,0.525253,bank
9554,0.959596,0.535354,park
9555,0.959596,0.545455,hospital
9556,0.959596,0.555556,park
9557,0.959596,0.565657,cafe
9558,0.959596,0.575758,hospital
9559,0.959596,0.585859,school
9560,0.959596,0.595960,school
9561,0.959596,0.606061,cafe
9562,0.959596,0.616162,bank
9563,0.959596,0.626263,pharmacy
9564,0.959596,0.636364,school
9565,0.959596,0.646465,restaurant
9566,0.959596,0.656566,pharmacy
9567,0.959596,0.666667,school
9568,0.959596,0.676768,park
9569,0.959596,0.686869,bank
9570,0.959596,0.696970,hospital
9571,0.959596,0.707071,park
9572,0.959596,0.717172,bank
9573,0.959596,0.727273,park
9574,0.959596,0.737374,restaurant
9575,0.959596,0.747475,bank
9576,0.959596,0.757576,store
9577,0.959596,0.767677,bank
9578,0.959596,0.777778,park
9579,0.959596,0.787879,hospital
9580,0.959596,0.797980,store
9581,0.959596,0.808081,store
9582,0.959596,0.818182,school
9583,0.959596,0.828283,cafe
9584,0.959596,0.838384,hospital
9585,0.959596,0.848485,restaurant
9586,0.959596,0.858586,school
9587,0.959596,0.868687,bank
9588,0.959596,0.878788,hospital
9589,0.959596,0.888889,park
9590,0.959596,0.898990,school
9591,0.959596,0.909091,pharmacy
9592,0.959596,0.919192,park
9593,0.959596,0.929293,restaurant
9594,0.959596,0.939394,pharmacy
9595,0.959596,0.949495,bank
9596,0.959596,0.959596,school
9597,0.959596,0.969697,pharmacy
9598,0.959596,0.979798,cafe
9599,0.959596,0.989899,restaurant
9600,0.959596,1.000000,park
9601,0.969697,0.000000,pharmacy
9602,0.969697,0.010101,store
9603,0.969697,0.020202,store
9604,0.969697,0.030303,hospital
9605,0.969697,0.040404,hospital
9606,0.969697,0.050505,hospital
9607,0.969697,0.060606,hospital
9608,0.969697,0.070707,pharmacy
9609,0.969697,0.080808,park
9610,0.969697,0.090909,pharmacy
9611,0.969697,0.101010,pharmacy
9612,0.969697,0.111111,cafe
9613,0.969697,0.121212,bank
9614,0.969697,0.131313,school
9615,0.969697,0.141414,cafe
9616,0.969697,0.151515,park
9617,0.969697,0.161616,restaurant
9618,0.969697,0.171717,cafe
9619,0.969697,0.181818,park
9620,0.969697,0.191919,pharmacy
9621,0.969697,0.202020,pharmacy
9622,0.969697,0.212121,bank
9623,0.969697,0.222222,cafe
9624,0.969697,0.232323,bank
9625,0.969697,0.242424,school
9626,0.969697,0.252525,hospital
9627,0.969697,0.262626,park
9628,0.969697,0.272727,restaurant
9629,0.969697,0.282828,hospital
9630,0.969697,0.292929,hospital
9631,0.969697,0.303030,park
9632,0.969697,0.313131,park
9633,0.969697,0.323232,store
9634,0.969697,0.333333,bank
9635,0.969697,0.343434,hospital
9636,0.969697,0.353535,hospital
9637,0.969697,0.363636,restaurant
9638,0.969697,0.373737,restaurant
9639,0.969697,0.383838,bank
9640,0.969697,0.393939,hospital
9641,0.969697,0.404040,store
9642,0.969697,0.414141,cafe
9643,0.969697,0.424242,bank
9644,0.969697,0.434343,restaurant
9645,0.969697,0.444444,cafe
9646,0.969697,0.454545,restaurant
9647,0.969697,0.464646,school
9648,0.969697,0.474747,store
9649,0.969697,0.484848,cafe
9650,0.969697,0.494949,restaurant
9651,0.969697,0.505051,store
9652,0.969697,0.515152,store
9653,0.969697,0.525253,park
9654,0.969697,0.535354,cafe
9655,0.969697,0.545455,bank
9656,0.969697,0.555556,cafe
9657,0.969697,0.565657,restaurant
9658,0.969697,0.575758,store
9659,0.969697,0.585859,hospital
9660,0.969697,0.595960,pharmacy
9661,0.969697,0.606061,cafe
9662,0.969697,0.616162,store
9663,0.969697,0.626263,restaurant
9664,0.969697,0.636364,school
9665,0.969697,0.646465,pharmacy
9666,0.969697,0.656566,park
9667,0.969697,0.666667,park
9668,0.969697,0.676768,school
9669,0.969697,0.686869,restaurant
9670,0.969697,0.696970,bank
9671,0.969697,0.707071,park
9672,0.969697,0.717172,park
9673,0.969697,0.727273,pharmacy
9674,0.969697,0.737374,store
9675,0.969697,0.747475,store
9676,0.969697,0.757576,park
9677,0.969697,0.767677,cafe
9678,0.969697,0.777778,cafe
9679,0.969697,0.787879,restaurant
9680,0.969697,0.797980,park
9681,0.969697,0.808081,restaurant
9682,0.969697,0.818182,park
9683,0.969697,0.828283,park
9684,0.969697,0.838384,cafe
9685,0.969697,0.848485,park
9686,0.969697,0.858586,school
9687,0.969697,0.868687,pharmacy
9688,0.969697,0.878788,park
9689,0.969697,0.888889,hospital
9690,0.969697,0.898990,school
9691,0.969697,0.909091,school
9692,0.969697,0.919192,pharmacy
9693,0.969697,0.929293,store
9694,0.969697,0.939394,park
9695,0.969697,0.949495,bank
9696,0.969697,0.959596,restaurant
9697,0.969697,0.969697,hospital
9698,0.969697,0.979798,store
9699,0.969697,0.989899,hospital
9700,0.969697,1.000000,pharmacy
9701,0.979798,0.000000,pharmacy
9702,0.979798,0.010101,cafe
9703,0.979798,0.020202,park
9704,0.979798,0.030303,park
9705,0.979798,0.040404,restaurant
9706,0.979798,0.050505,bank
9707,0.979798,0.060606,park
9708,0.979798,0.070707,hospital
9709,0.979798,0.080808,school
9710,0.979798,0.090909,park
9711,0.979798,0.101010,hospital
9712,0.979798,0.111111,cafe
9713,0.979798,0.121212,store
9714,0.979798,0.131313,restaurant
9715,0.979798,0.141414,hospital
9716,0.979798,0.151515,pharmacy
9717,0.979798,0.161616,hospital
9718,0.979798,0.171717,store
9719,0.979798,0.181818,park
9720,0.979798,0.191919,cafe
9721,0.979798,0.202020,cafe
9722,0.979798,0.212121,hospital
9723,0.979798,0.222222,cafe
9724,0.979798,0.232323,hospital
9725,0.979798,0.242424,pharmacy
9726,0.979798,0.252525,cafe
9727,0.979798,0.262626,cafe
9728,0.979798,0.272727,pharmacy
9729,0.979798,0.282828,school
9730,0.979798,0.292929,restaurant
9731,0.979798,0.303030,hospital
9732,0.979798,0.313131,pharmacy
9733,0.979798,0.323232,hospital
9734,0.979798,0.333333,store
9735,0.979798,0.343434,store
9736,0.979798,0.353535,hospital
9737,0.979798,0.363636,hospital
9738,0.979798,0.373737,bank
9739,0.979798,0.383838,park
9740,0.979798,0.393939,hospital
9741,0.979798,0.404040,bank
9742,0.979798,0.414141,park
9743,0.979798,0.424242,cafe
9744,0.979798,0.434343,hospital
9745,0.979798,0.444444,restaurant
9746,0.979798,0.454545,store
9747,0.979798,0.464646,bank
9748,0.979798,0.474747,pharmacy
9749,0.979798,0.484848,park
9750,0.979798,0.494949,store
9751,0.979798,0.505051,school
9752,0.979798,0.515152,bank
9753,0.979798,0.525253,bank
9754,0.979798,0.535354,bank
9755,0.979798,0.545455,school
9756,0.979798,0.555556,park
9757,0.979798,0.565657,restaurant
9758,0.979798,0.575758,cafe
9759,0.979798,0.585859,hospital
9760,0.979798,0.595960,restaurant
9761,0.979798,0.606061,pharmacy
9762,0.979798,0.616162,hospital
9763,0.979798,0.626263,cafe
9764,0.979798,0.636364,restaurant
9765,0.979798,0.646465,store
9766,0.979798,0.656566,school
9767,0.979798,0.666667,pharmacy
9768,0.979798,0.676768,pharmacy
9769,0.979798,0.686869,park
9770,0.979798,0.696970,cafe
9771,0.979798,0.707071,store
9772,0.979798,0.717172,bank
9773,0.979798,0.727273,bank
9774,0.979798,0.737374,restaurant
9775,0.979798,0.747475,school
9776,0.979798,0.757576,restaurant
9777,0.979798,0.767677,hospital
9778,0.979798,0.777778,hospital
9779,0.979798,0.787879,cafe
9780,0.979798,0.797980,hospital
9781,0.979798,0.808081,school
9782,0.979798,0.818182,bank
9783,0.979798,0.828283,restaurant
9784,0.979798,0.838384,school
9785,0.979798,0.848485,bank
9786,0.979798,0.858586,store
9787,0.979798,0.868687,store
9788,0.979798,0.878788,hospital
9789,0.979798,0.888889,hospital
9790,0.979798,0.898990,school
9791,0.979798,0.909091,restaurant
9792,0.979798,0.919192,bank
9793,0.979798,0.929293,store
9794,0.979798,0.939394,hospital
9795,0.979798,0.949495,park
9796,0.979798,0.959596,pharmacy
9797,0.979798,0.969697,restaurant
9798,0.979798,0.979798,bank
9799,0.979798,0.989899,store
9800,0.979798,1.000000,park
9801,0.989899,0.000000,school
9802,0.989899,0.010101,cafe
9803,0.989899,0.020202,hospital
9804,0.989899,0.030303,pharmacy
9805,0.989899,0.040404,cafe
9806,0.989899,0.050505,hospital
9807,0.989899,0.060606,school
9808,0.989899,0.070707,school
9809,0.989899,0.080808,bank
9810,0.989899,0.090909,store
9811,0.989899,0.101010,park
9812,0.989899,0.111111,school
9813,0.989899,0.121212,cafe
9814,0.989899,0.131313,hospital
9815,0.989899,0.141414,hospital
9816,0.989899,0.151515,park
9817,0.989899,0.161616,restaurant
9818,0.989899,0.171717,school
9819,0.989899,0.181818,cafe
9820,0.989899,0.191919,store
9821,0.989899,0.202020,park
9822,0.989899,0.212121,hospital
9823,0.989899,0.222222,hospital
9824,0.989899,0.232323,cafe
9825,0.989899,0.242424,park
9826,0.989899,0.252525,park
9827,0.989899,0.262626,pharmacy
9828,0.989899,0.272727,hospital
9829,0.989899,0.282828,pharmacy
9830,0.989899,0.292929,cafe
9831,0.989899,0.303030,bank
9832,0.989899,0.313131,hospital
9833,0.989899,0.323232,bank
9834,0.989899,0.333333,school
9835,0.989899,0.343434,park
9836,0.989899,0.353535,restaurant
9837,0.989899,0.363636,park
9838,0.989899,0.373737,store
9839,0.989899,0.383838,park
9840,0.989899,0.393939,school
9841,0.989899,0.404040,bank
9842,0.989899,0.414141,cafe
9843,0.989899,0.424242,store
9844,0.989899,0.434343,store
9845,0.989899,0.444444,pharmacy
9846,0.989899,0.454545,park
9847,0.989899,0.464646,park
9848,0.989899,0.474747,pharmacy
9849,0.989899,0.484848,pharmacy
9850,0.989899,0.494949,hospital
9851,0.989899,0.505051,pharmacy
9852,0.989899,0.515152,cafe
9853,0.989899,0.525253,hospital
9854,0.989899,0.535354,pharmacy
9855,0.989899,0.545455,hospital
9856,0.989899,0.555556,cafe
9857,0.989899,0.565657,cafe
9858,0.989899,0.575758,school
9859,0.989899,0.585859,restaurant
9860,0.989899,0.595960,bank
9861,0.989899,0.606061,restaurant
9862,0.989899,0.616162,school
9863,0.989899,0.626263,school
9864,0.989899,0.636364,cafe
9865,0.989899,0.646465,restaurant
9866,0.989899,0.656566,store
9867,0.989899,0.666667,bank
9868,0.989899,0.676768,park
9869,0.989899,0.686869,pharmacy
9870,0.989899,0.696970,hospital
9871,0.989899,0.707071,school
9872,0.989899,0.717172,school
9873,0.989899,0.727273,school
9874,0.989899,0.737374,pharmacy
9875,0.989899,0.747475,bank
9876,0.989899,0.757576,hospital
9877,0.989899,0.767677,school
9878,0.989899,0.777778,store
9879,0.989899,0.787879,school
9880,0.989899,0.797980,cafe
9881,0.989899,0.808081,cafe
9882,0.989899,0.818182,cafe
9883,0.989899,0.828283,cafe
9884,0.989899,0.838384,cafe
9885,0.989899,0.848485,park
9886,0.989899,0.858586,park
9887,0.989899,0.868687,pharmacy
9888,0.989899,0.878788,school
9889,0.989899,0.888889,school
9890,0.989899,0.898990,school
9891,0.989899,0.909091,park
9892,0.989899,0.919192,cafe
9893,0.989899,0.929293,pharmacy
9894,0.989899,0.939394,school
9895,0.989899,0.949495,store
9896,0.989899,0.959596,restaurant
9897,0.989899,0.969697,hospital
9898,0.989899,0.979798,bank
9899,0.989899,0.989899,park
9900,0.989899,1.000000,pharmacy
9901,1.000000,0.000000,restaurant
9902,1.000000,0.010101,cafe
9903,1.000000,0.020202,school
9904,1.000000,0.030303,school
9905,1.000000,0.040404,pharmacy
9906,1.000000,0.050505,restaurant
9907,1.000000,0.060606,bank
9908,1.000000,0.070707,park
9909,1.000000,0.080808,school
9910,1.000000,0.090909,hospital
9911,1.000000,0.101010,cafe
9912,1.000000,0.111111,cafe
9913,1.000000,0.121212,store
9914,1.000000,0.131313,pharmacy
9915,1.000000,0.141414,park
9916,1.000000,0.151515,pharmacy
9917,1.000000,0.161616,pharmacy
9918,1.000000,0.171717,pharmacy
9919,1.000000,0.181818,bank
9920,1.000000,0.191919,hospital
9921,1.000000,0.202020,hospital
9922,1.000000,0.212121,cafe
9923,1.000000,0.222222,park
9924,1.000000,0.232323,park
9925,1.000000,0.242424,hospital
9926,1.000000,0.252525,bank
9927,1.000000,0.262626,school
9928,1.000000,0.272727,park
9929,1.000000,0.282828,cafe
9930,1.000000,0.292929,restaurant
9931,1.000000,0.303030,school
9932,1.000000,0.313131,school
9933,1.000000,0.323232,school
9934,1.000000,0.333333,hospital
9935,1.000000,0.343434,store
9936,1.000000,0.353535,school
9937,1.000000,0.363636,cafe
9938,1.000000,0.373737,store
9939,1.000000,0.383838,pharmacy
9940,1.000000,0.393939,hospital
9941,1.000000,0.404040,bank
9942,1.000000,0.414141,pharmacy
9943,1.000000,0.424242,cafe
9944,1.000000,0.434343,bank
9945,1.000000,0.444444,store
9946,1.000000,0.454545,cafe
9947,1.000000,0.464646,restaurant
9948,1.000000,0.474747,bank
9949,1.000000,0.484848,pharmacy
9950,1.000000,0.494949,restaurant
9951,1.000000,0.505051,store
9952,1.000000,0.515152,pharmacy
9953,1.000000,0.525253,school
9954,1.000000,0.535354,bank
9955,1.000000,0.545455,school
9956,1.000000,0.555556,bank
9957,1.000000,0.565657,pharmacy
9958,1.000000,0.575758,hospital
9959,1.000000,0.585859,hospital
9960,1.000000,0.595960,pharmacy
9961,1.000000,0.606061,cafe
9962,1.000000,0.616162,bank
9963,1.000000,0.626263,bank
9964,1.000000,0.636364,restaurant
9965,1.000000,0.646465,pharmacy
9966,1.000000,0.656566,bank
9967,1.000000,0.666667,park
9968,1.000000,0.676768,school
9969,1.000000,0.686869,bank
9970,1.000000,0.696970,pharmacy
9971,1.000000,0.707071,store
9972,1.000000,0.717172,store
9973,1.000000,0.727273,cafe
9974,1.000000,0.737374,store
9975,1.000000,0.747475,restaurant
9976,1.000000,0.757576,park
9977,1.000000,0.767677,school
9978,1.000000,0.777778,bank
9979,1.000000,0.787879,store
9980,1.000000,0.797980,store
9981,1.000000,0.808081,cafe
9982,1.000000,0.818182,school
9983,1.000000,0.828283,park
9984,1.000000,0.838384,school
9985,1.000000,0.848485,park
9986,1.000000,0.858586,pharmacy
9987,1.000000,0.868687,school
9988,1.000000,0.878788,restaurant
9989,1.000000,0.888889,hospital
9990,1.000000,0.898990,hospital
9991,1.000000,0.909091,school
9992,1.000000,0.919192,hospital
9993,1.000000,0.929293,cafe
9994,1.000000,0.939394,hospital
9995,1.000000,0.949495,bank
9996,1.000000,0.959596,cafe
9997,1.000000,0.969697,pharmacy
9998,1.000000,0.979798,park
9999,1.000000,0.989899,park
10000,1.000000,1.000000,store
